date,open,high,low,close,volume
2016-01-04,109.430000,109.600000,108.120000,109.500000,50807643
2016-01-05,110.040000,110.180000,108.800000,109.310000,38795182
2016-01-06,107.440000,108.890000,107.410000,108.260000,41891091
2016-01-07,105.960000,107.290000,104.810000,104.870000,61386300
2016-01-08,105.680000,106.290000,103.900000,104.010000,69344012
2016-01-11,104.790000,105.060000,102.730000,104.330000,50024094
2016-01-12,105.310000,106.080000,104.080000,105.540000,46734241
2016-01-13,106.000000,106.230000,101.740000,101.900000,69870673
2016-01-14,102.300000,104.980000,100.670000,104.070000,78445735
2016-01-15,100.570000,101.940000,99.510000,100.840000,91443918
2016-01-19,102.200000,102.370000,99.880000,101.060000,56563845
2016-01-20,99.490000,101.830000,97.250000,100.750000,86674981
2016-01-21,101.190000,102.349000,99.820000,100.850000,61660101
2016-01-22,102.840000,103.810000,102.530500,103.770000,42229803
2016-01-25,103.460000,103.990000,102.140000,102.230000,38881485
2016-01-26,102.640000,103.590000,101.760000,103.150000,36143916
2016-01-27,102.550000,102.990000,100.150000,100.580000,54524736
2016-01-28,102.200000,102.290000,100.260000,102.000000,47641532
2016-01-29,102.000000,104.170000,101.940000,104.130000,54245067
2016-02-01,103.620000,104.800000,103.230000,104.410000,32750348
2016-02-02,103.970000,103.970000,101.840000,102.150000,44928088
2016-02-03,102.800000,102.830000,99.880000,101.660000,61572882
2016-02-04,101.350000,102.455000,100.440000,101.650000,49321638
2016-02-05,101.300000,101.330000,97.720000,98.120000,70749932
2016-02-08,96.330000,97.050000,94.840000,96.620000,91673063
2016-02-09,95.360000,97.780000,95.180000,96.320000,73778426
2016-02-10,97.480000,98.690000,96.620000,96.690000,59421699
2016-02-11,95.470000,97.320000,95.190000,96.550000,76839183
2016-02-12,97.680000,98.120000,96.730000,98.020000,49186494
2016-02-16,99.440000,100.230000,98.850000,100.230000,40565911
2016-02-17,101.000000,102.640000,100.700000,102.500000,41766451
2016-02-18,102.810000,102.840000,101.200000,101.330000,38991469
2016-02-19,100.910000,101.940000,100.615000,101.630000,28257915
2016-02-22,102.540000,103.380000,102.480000,103.280000,23979113
2016-02-23,102.670000,102.960000,101.510000,101.580000,29869660
2016-02-24,100.440000,102.680000,99.770000,102.550000,40739103
2016-02-25,102.760000,103.560000,101.840000,103.560000,29389315
2016-02-26,104.280000,104.365900,103.183500,103.430000,30925045
2016-02-29,103.325000,104.100000,102.500000,102.500000,27553937
2016-03-01,103.450000,105.790000,103.160000,105.790000,37699779
2016-03-02,105.630000,105.850000,105.010000,105.830000,29209756
2016-03-03,105.710000,105.750000,104.870000,105.630000,25474625
2016-03-04,105.760000,106.350000,104.970000,105.670000,31655424
2016-03-07,105.120000,105.740000,104.270000,105.020000,25861160
2016-03-08,104.300000,105.213800,103.970000,104.150000,28898525
2016-03-09,104.550000,104.840000,103.960000,104.820000,31047351
2016-03-10,105.280000,105.860000,103.310000,104.660000,44997649
2016-03-11,105.800000,106.490000,105.460000,106.490000,31453958
2016-03-14,106.080000,106.920000,106.060000,106.670000,25374912
2016-03-15,106.301100,106.750000,105.950000,106.630000,26524632
2016-03-16,106.370000,107.860000,106.340000,107.580000,31693050
2016-03-17,107.260000,107.770000,106.870000,107.520000,29623740
2016-03-18,107.460000,107.635000,106.800000,107.370000,37682293
2016-03-21,107.160000,107.890000,107.120000,107.790000,17288559
2016-03-22,107.180000,108.370000,107.160000,108.120000,18840278
2016-03-23,107.910000,107.990000,106.990000,107.230000,20912873
2016-03-24,106.680000,107.290000,106.530000,107.260000,19017258
2016-03-28,107.570000,107.580000,106.920000,107.110000,13892303
2016-03-29,106.930000,108.900000,106.730000,108.830000,29963923
2016-03-30,109.470000,110.040000,109.130000,109.360000,23807235
2016-03-31,109.300000,109.690000,109.030000,109.200000,21447236
2016-04-01,108.580000,110.400000,108.390000,110.360000,26389045
2016-04-04,110.310000,110.435000,109.680000,109.940000,17162988
2016-04-05,109.080000,109.500000,108.740000,108.880000,20107915
2016-04-06,109.000000,110.710000,108.990000,110.670000,25056031
2016-04-07,110.045000,110.225000,108.610000,109.080000,28567202
2016-04-08,109.770000,110.020000,108.615000,109.000000,22897951
2016-04-11,109.480000,110.020000,108.585000,108.600000,25772058
2016-04-12,108.660000,109.720000,108.015000,109.510000,28564087
2016-04-13,110.320000,111.080000,110.210000,110.910000,25356728
2016-04-14,110.910000,111.330000,110.000000,110.920000,17199671
2016-04-15,110.830000,111.055000,110.360000,110.640000,21353343
2016-04-18,110.310000,111.265000,110.250000,111.230000,17126086
2016-04-19,111.430000,111.440000,109.880000,110.550000,42481435
2016-04-20,110.540000,111.150000,110.170000,110.640000,18078307
2016-04-21,110.580000,111.050000,110.150000,110.650000,20215983
2016-04-22,109.230000,109.720000,108.120000,108.980000,39073996
2016-04-25,108.620000,108.990000,108.450000,108.980000,14351890
2016-04-26,109.200000,109.390000,108.120000,108.450000,19118334
2016-04-27,107.330000,107.830000,106.690000,107.580000,33059790
2016-04-28,107.700000,108.333500,106.070500,106.280000,29818155
2016-04-29,106.210000,106.495000,104.880000,105.720000,67502786
2016-05-02,105.970000,106.870000,105.552500,106.720000,24813813
2016-05-03,105.950000,106.439900,105.450000,105.730000,38569433
2016-05-04,105.120000,105.481100,104.790200,105.050000,27474504
2016-05-05,105.430000,105.660000,104.810000,105.020000,20788119
2016-05-06,104.510000,105.600000,104.400000,105.580000,30758516
2016-05-09,105.595000,106.370000,105.540000,105.880000,19289615
2016-05-10,106.260000,107.380000,106.070000,107.330000,21178851
2016-05-11,107.160000,107.490000,106.330000,106.360000,20966257
2016-05-12,106.670000,106.735000,105.140000,105.890000,29196323
2016-05-13,105.850000,106.449000,105.290000,105.500000,21059255
2016-05-16,105.665000,107.210000,105.560000,106.820000,18311860
2016-05-17,106.740000,107.040000,105.200000,105.480000,29932711
2016-05-18,105.300000,106.430000,105.040000,105.860000,28177911
2016-05-19,105.440000,105.705000,104.540000,105.310000,27334610
2016-05-20,105.730000,106.900000,105.670000,106.470000,29549578
2016-05-23,106.550000,106.970000,106.230000,106.330000,15729764
2016-05-24,106.910000,108.590000,106.885000,108.460000,29931309
2016-05-25,108.860000,109.570000,108.684000,109.240000,38464750
2016-05-26,109.350000,109.700000,109.090000,109.560000,21885871
2016-05-27,109.650000,110.140000,109.610000,110.130000,19870010
2016-05-31,110.270000,110.510000,109.783700,110.340000,24366106
2016-06-01,110.000000,110.600000,109.910000,110.350000,19571528
2016-06-02,110.130000,110.590000,109.530000,110.580000,15696618
2016-06-03,110.365000,110.420000,109.340000,110.060000,20269923
2016-06-06,110.250000,110.750000,110.070000,110.460000,12502365
2016-06-07,110.540000,110.630000,110.130000,110.180000,12184296
2016-06-08,110.370000,110.600000,109.960000,110.370000,14568699
2016-06-09,109.930000,110.310000,109.710000,110.190000,17571631
2016-06-10,109.190000,109.400000,108.560000,108.940000,32965003
2016-06-13,108.345000,108.930000,107.890000,108.030000,25412177
2016-06-14,107.780000,108.415000,107.240000,108.030000,24588506
2016-06-15,108.320000,108.440000,107.540000,107.720000,24605701
2016-06-16,107.170000,108.140000,106.500000,108.040000,32079929
2016-06-17,107.550000,107.681900,106.240000,106.490000,29208832
2016-06-20,107.750000,108.240000,107.080000,107.160000,20562769
2016-06-21,107.310000,107.715000,107.100000,107.500000,22804112
2016-06-22,107.560000,108.190000,107.150000,107.240000,22724174
2016-06-23,108.090000,108.790000,107.620000,108.770000,18714227
2016-06-24,104.780000,106.500000,104.060000,104.290000,68012733
2016-06-27,103.590000,103.600000,101.750000,102.220000,50044303
2016-06-28,103.330000,104.510000,103.300000,104.460000,28260604
2016-06-29,105.260000,106.530000,105.231000,106.310000,31356723
2016-06-30,106.520000,107.610000,106.130000,107.540000,36300819
2016-07-01,107.480000,108.480000,107.450000,108.080000,19902803
2016-07-05,107.580000,107.660000,106.840000,107.420000,21167903
2016-07-06,106.910000,108.350000,106.570000,108.300000,24579270
2016-07-07,108.400000,108.860000,108.110000,108.620000,19161748
2016-07-08,109.200000,110.360000,109.020000,110.300000,29457871
2016-07-11,110.670000,111.335000,110.660000,110.930000,20218504
2016-07-12,111.610000,111.790000,111.340000,111.490000,21906145
2016-07-13,111.750000,111.820000,111.210000,111.220000,21107762
2016-07-14,111.960000,112.190000,111.700000,111.980000,20870986
2016-07-15,112.240000,112.300000,111.550000,111.800000,17999312
2016-07-18,111.870000,112.740000,111.850000,112.540000,20713924
2016-07-19,112.150000,112.480000,111.930000,112.130000,18936702
2016-07-20,112.735000,113.650000,112.600000,113.440000,24997929
2016-07-21,113.520000,113.740000,112.870000,113.180000,18885367
2016-07-22,113.260000,113.780000,112.911000,113.650000,20003363
2016-07-25,113.560000,113.690000,113.280000,113.660000,12968085
2016-07-26,113.620000,114.200000,113.220000,113.790000,21223845
2016-07-27,114.750000,114.880000,114.100000,114.580000,27646113
2016-07-28,114.750000,115.110000,114.400000,114.980000,16939662
2016-07-29,115.200000,115.540000,114.870000,115.230000,22385320
2016-08-01,115.310000,118.779900,115.170000,115.840000,13990077
2016-08-02,115.670000,115.770000,114.220000,114.960000,21278383
2016-08-03,114.870000,115.350000,114.800500,115.340000,15011273
2016-08-04,115.300000,115.780000,115.030000,115.670000,12835296
2016-08-05,116.260000,117.040000,116.130000,116.780000,23196570
2016-08-08,116.840000,116.870000,116.280000,116.650000,12358181
2016-08-09,116.740000,117.290000,116.670000,116.920000,13276458
2016-08-10,116.990000,117.020000,116.310000,116.620000,14688405
2016-08-11,117.015000,117.370000,116.780000,117.120000,12969799
2016-08-12,116.920000,117.210000,116.790000,117.200000,19379036
2016-08-15,117.350000,117.970000,117.310000,117.700000,11777762
2016-08-16,117.480000,117.490000,117.030000,117.050000,14161446
2016-08-17,117.080000,117.300000,116.430000,117.260000,15980334
2016-08-18,117.150000,117.460000,116.945000,117.290000,10036285
2016-08-19,117.080000,117.520000,116.760000,117.260000,18742961
2016-08-22,117.090000,117.550000,116.870000,117.350000,14500622
2016-08-23,117.810000,118.009500,117.510000,117.560000,11997927
2016-08-24,117.480000,117.640000,116.410000,116.800000,17728656
2016-08-25,116.495000,116.970000,116.360000,116.610000,24266264
2016-08-26,116.650000,117.540000,116.080000,116.780000,23895963
2016-08-29,116.810000,117.251000,116.790000,116.940000,11184872
2016-08-30,116.750000,117.090000,116.160000,116.560000,19843301
2016-08-31,116.380000,116.560000,115.950000,116.440000,16169794
2016-09-01,116.480000,116.880000,115.910000,116.740000,20944727
2016-09-02,117.320000,117.560000,116.680000,117.120000,18088215
2016-09-06,117.320000,117.850000,117.060000,117.850000,18525231
2016-09-07,117.960000,118.120000,117.470000,117.920000,17546872
2016-09-08,117.570000,117.600000,116.920000,117.230000,20125319
2016-09-09,116.250000,116.510000,114.260000,114.280000,50813287
2016-09-12,113.640000,116.490000,113.630000,116.330000,39645960
2016-09-13,115.750000,116.090000,114.730000,115.290000,45863935
2016-09-14,115.410000,116.470000,115.380000,115.840000,28221762
2016-09-15,115.870000,117.815000,115.860000,117.640000,39466531
2016-09-16,117.240000,117.412000,116.710000,117.290000,27596527
2016-09-19,117.590000,117.950000,116.550000,116.780000,16222870
2016-09-20,117.200000,117.480000,116.800000,117.000000,18078584
2016-09-21,117.500000,118.320000,116.810000,118.150000,31546776
2016-09-22,118.840000,119.220000,118.717700,119.090000,22614422
2016-09-23,119.000000,119.000000,118.160000,118.330000,22213394
2016-09-26,117.660000,117.800000,117.170000,117.340000,16403881
2016-09-27,117.260000,118.555200,117.150000,118.500000,20238432
2016-09-28,118.650000,118.770000,118.090000,118.700000,14794330
2016-09-29,118.500000,118.720000,117.333800,117.840000,27207499
2016-09-30,118.150000,119.070000,118.030000,118.720000,25543200
2016-10-03,118.570000,118.700000,118.090000,118.550000,19216438
2016-10-04,118.900000,119.160000,117.920000,118.370000,21239742
2016-10-05,118.720000,119.170000,118.670000,118.790000,14481285
2016-10-06,118.640000,118.981000,118.150000,118.730000,11987056
2016-10-07,118.840000,119.010000,117.890000,118.470000,19984158
2016-10-10,119.080000,119.480000,119.030000,119.220000,19687341
2016-10-11,119.120000,119.140000,117.000000,117.520000,27774426
2016-10-12,117.630000,117.820000,117.060000,117.420000,14267824
2016-10-13,116.620000,117.320000,115.940000,117.000000,22821011
2016-10-14,117.580000,118.050000,117.070000,117.140000,21313321
2016-10-17,117.040000,117.300000,116.672000,116.820000,14182694
2016-10-18,118.210000,118.410000,117.800000,117.860000,19276656
2016-10-19,117.730000,118.020000,117.640000,117.850000,13702918
2016-10-20,117.730000,117.970000,117.030000,117.710000,18132245
2016-10-21,117.800000,118.220000,117.410000,118.150000,15707804
2016-10-24,118.910000,119.650000,118.891800,119.570000,19142985
2016-10-25,119.640000,119.660000,119.010000,119.190000,20341835
2016-10-26,118.420000,119.030000,118.030000,118.380000,20463696
2016-10-27,118.890000,118.990000,117.670000,117.840000,19099790
2016-10-28,117.500000,118.110000,116.740000,117.100000,35369254
2016-10-31,117.530000,117.530000,116.930000,116.990000,18749357
2016-11-01,117.190000,117.210000,115.104700,116.110000,23498712
2016-11-02,116.030000,116.300000,114.890000,115.180000,26960093
2016-11-03,114.990000,115.370000,113.920000,114.050000,36205193
2016-11-04,113.770000,114.540000,113.450000,113.650000,26997454
2016-11-07,115.490000,116.470000,115.300000,116.350000,26591245
2016-11-08,116.230000,117.640000,115.960000,117.110000,20777919
2016-11-09,115.740000,117.840000,115.600000,117.650000,70234393
2016-11-10,118.220000,118.380000,114.195000,115.750000,72825446
2016-11-11,115.250000,116.050000,114.840000,115.800000,41115166
2016-11-14,115.830000,115.940000,114.030000,114.630000,35905979
2016-11-15,115.500000,116.620000,115.330000,116.220000,31796602
2016-11-16,115.690000,116.993200,115.670000,116.910000,16538132
2016-11-17,116.850000,117.780000,116.610000,117.760000,20598553
2016-11-18,117.900000,118.100000,117.210000,117.320000,16428659
2016-11-21,117.610000,118.650000,117.570000,118.540000,20268547
2016-11-22,119.010000,119.190000,118.610000,118.900000,18850641
2016-11-23,118.510000,118.640000,117.900000,118.420000,22925954
2016-11-25,118.560000,118.850000,118.420000,118.800000,7162785
2016-11-28,118.650000,119.080000,118.410100,118.530000,13479045
2016-11-29,118.640000,119.510000,118.300000,118.940000,18552957
2016-11-30,119.090000,119.133500,117.460000,117.500000,30405342
2016-12-01,117.460000,117.470000,115.290000,115.470000,39796590
2016-12-02,115.540000,116.160000,115.220000,115.700000,32876845
2016-12-05,116.300000,117.060000,115.770000,116.600000,21419667
2016-12-06,116.930000,117.080000,116.390000,116.880000,27293348
2016-12-07,116.620000,118.510000,116.291900,118.360000,26622442
2016-12-08,118.440000,118.870000,118.180000,118.570000,18578433
2016-12-09,119.010000,119.540200,119.000000,119.500000,21863133
2016-12-12,118.970000,119.210000,118.470000,118.960000,23259310
2016-12-13,119.320000,121.110000,119.320000,120.460000,54477889
2016-12-14,120.610000,121.000000,119.860000,120.210000,28745991
2016-12-15,120.360000,121.110000,120.080000,120.400000,22762305
2016-12-16,120.340000,120.581700,119.360000,119.600000,26283907
2016-12-19,119.720000,120.830000,119.550000,120.090000,21138658
2016-12-20,120.470000,120.770000,120.330000,120.550000,11461799
2016-12-21,120.600000,120.680000,120.190000,120.460000,7079300
2016-12-22,120.470000,120.500000,119.650000,120.120000,16644996
2016-12-23,119.920000,120.250000,119.810000,120.200000,9007470
2016-12-27,120.460000,121.520000,120.410000,120.820000,16110554
2016-12-28,121.080000,121.190000,119.795000,119.880000,17975235
2016-12-29,119.850000,120.130000,119.330000,119.710000,13267519
2016-12-30,119.940000,119.950000,118.140000,118.480000,41749028
2017-01-03,119.270000,119.990000,118.890000,119.540000,22307608
2017-01-04,119.670000,120.410000,119.656100,120.190000,19749074
2017-01-05,120.100000,120.950000,120.100000,120.870000,20644254
2017-01-06,121.000000,122.250000,120.685000,121.930000,24074305
2017-01-09,122.030000,122.550000,121.950000,122.330000,18909234
2017-01-10,122.380000,122.970000,122.100000,122.600000,16176631
2017-01-11,122.650000,122.930000,122.020000,122.930000,20685983
2017-01-12,122.490000,122.819000,121.600000,122.740000,19622511
2017-01-13,122.800000,123.370000,122.800000,123.160000,16930803
2017-01-17,122.840000,123.030000,122.434200,122.790000,14538484
2017-01-18,122.970000,123.160000,122.660000,123.040000,12499663
2017-01-19,123.220000,123.650000,122.720000,122.980000,12710659
2017-01-20,123.520000,123.830000,122.920000,123.250000,22091039
2017-01-23,123.170000,123.530000,122.570000,123.350000,17434167
2017-01-24,123.590000,124.370000,123.384700,124.180000,17640869
2017-01-25,124.960000,125.460000,124.850000,125.430000,15036221
2017-01-26,125.600000,125.820000,125.343800,125.560000,16052150
2017-01-27,125.830000,125.921100,125.390000,125.800000,15052983
2017-01-30,125.380000,125.380000,124.130000,124.820000,25006715
2017-01-31,124.380000,124.600000,123.850000,124.570000,19091133
2017-02-01,125.450000,125.680000,124.860000,125.430000,22861876
2017-02-02,125.210000,125.700000,124.860000,125.320000,15101363
2017-02-03,125.450000,125.810000,125.330000,125.680000,16957154
2017-02-06,125.470000,125.850000,125.350000,125.830000,11630139
2017-02-07,126.090000,126.550000,125.970000,126.290000,17541101
2017-02-08,126.120000,126.680000,125.880000,126.500000,12569147
2017-02-09,126.630000,127.240000,126.560000,126.960000,17542726
2017-02-10,127.240000,127.560000,127.020000,127.380000,13915697
2017-02-13,127.770000,128.260000,127.719900,128.100000,19120150
2017-02-14,128.130000,128.535000,127.740000,128.530000,16333480
2017-02-15,128.440000,129.350000,128.370000,129.290000,17891355
2017-02-16,129.370000,129.630000,128.920000,129.250000,15098286
2017-02-17,129.060000,129.820000,129.040000,129.810000,15563730
2017-02-21,130.060000,130.530000,129.990000,130.450000,18479628
2017-02-22,130.330000,130.590000,130.111000,130.500000,12110876
2017-02-23,130.700000,130.700000,129.490000,130.010000,17489023
2017-02-24,129.420000,130.260000,129.380000,130.260000,18624489
2017-02-27,130.020000,130.430000,129.800000,130.420000,12008672
2017-02-28,130.390000,130.450000,129.660000,130.020000,16598581
2017-03-01,130.850000,131.680000,130.600000,131.440000,25813827
2017-03-02,131.410000,131.430000,130.620000,130.780000,19951386
2017-03-03,130.690000,131.060000,130.341000,131.020000,13722749
2017-03-06,130.590000,130.950000,130.210000,130.730000,12026151
2017-03-07,130.470000,131.080000,130.280000,130.510000,15500945
2017-03-08,130.590000,131.150000,130.460000,130.740000,15776027
2017-03-09,130.710000,131.020000,130.140000,130.840000,20855253
2017-03-10,131.440000,131.600000,130.820000,131.390000,21922601
2017-03-13,131.340000,131.640000,131.270000,131.610000,10731575
2017-03-14,131.310000,131.360000,130.760000,131.290000,14019689
2017-03-15,131.560000,132.405000,131.140000,132.100000,22709139
2017-03-16,132.350000,132.350000,131.710000,132.010000,18457291
2017-03-17,131.900000,132.040000,131.620000,131.690000,21234529
2017-03-20,131.650000,132.110000,131.460100,131.810000,10105210
2017-03-21,132.310000,132.430000,129.730000,129.810000,35841897
2017-03-22,129.850000,130.820000,129.680000,130.690000,29177883
2017-03-23,130.520000,130.880000,130.140000,130.360000,20311655
2017-03-24,130.780000,131.290000,130.130000,130.630000,22967566
2017-03-27,129.700000,131.070000,129.400000,130.840000,18472445
2017-03-28,130.840000,132.030000,130.550000,131.640000,23721947
2017-03-29,131.730000,132.300000,131.590000,132.250000,13709968
2017-03-30,132.200000,132.610000,132.080000,132.470000,16092374
2017-03-31,132.280000,132.740000,132.125000,132.380000,19841411
2017-04-03,132.490000,132.810000,131.560000,132.300000,23700310
2017-04-04,131.920000,132.530000,131.870000,132.510000,13400022
2017-04-05,132.700000,133.480000,131.720000,131.970000,32011155
2017-04-06,132.100000,132.390000,131.700000,132.040000,18832193
2017-04-07,132.000000,132.370000,131.500000,131.970000,16743064
2017-04-10,132.100000,132.565000,131.656400,132.020000,15619276
2017-04-11,131.900000,132.095000,130.500000,131.450000,33778359
2017-04-12,131.430000,131.540000,130.780000,130.920000,15955195
2017-04-13,130.740000,131.510000,130.380000,130.400000,23683020
2017-04-17,130.770000,131.500000,130.720000,131.480000,13325508
2017-04-18,131.040000,131.660000,130.950000,131.280000,12841087
2017-04-19,131.850000,132.290000,131.310000,131.490000,17764817
2017-04-20,132.020000,132.880000,131.820000,132.590000,21977910
2017-04-21,132.710000,132.760000,132.220000,132.560000,22454948
2017-04-24,134.030000,134.285000,133.804200,134.160000,22469948
2017-04-25,134.600000,135.366400,134.480000,135.130000,19384398
2017-04-26,135.180000,135.510000,134.860000,134.940000,25398542
2017-04-27,135.270000,135.750000,135.190000,135.750000,16136538
2017-04-28,136.290000,136.340000,135.770000,135.990000,22771946
2017-05-01,136.440000,137.380000,136.380000,137.200000,24815525
2017-05-02,137.370000,137.490000,137.020000,137.430000,18345071
2017-05-03,137.120000,137.170000,136.615000,136.990000,23827550
2017-05-04,136.970000,137.430000,136.560000,137.040000,14630063
2017-05-05,137.390000,137.540000,136.880000,137.540000,19330652
2017-05-08,137.610000,137.840000,137.330000,137.840000,13279931
2017-05-09,138.050000,138.628000,137.930000,138.320000,28426109
2017-05-10,138.400000,138.450000,137.910000,138.400000,20499363
2017-05-11,138.020000,138.330000,137.380000,138.290000,27232074
2017-05-12,138.350000,138.630000,138.230000,138.600000,19738629
2017-05-15,138.660000,139.120000,138.530000,139.040000,20481327
2017-05-16,139.400000,139.640000,138.990000,139.620000,21785994
2017-05-17,138.510000,138.770000,136.050000,136.070000,55642178
2017-05-18,136.020000,137.720000,135.870000,137.260000,41319882
2017-05-19,137.750000,138.420000,137.660000,137.840000,36730112
2017-05-22,138.150000,139.075000,138.096700,139.000000,19509659
2017-05-23,139.410000,139.420000,138.780100,139.140000,19687534
2017-05-24,139.560000,139.850000,139.170000,139.780000,18323864
2017-05-25,140.310000,141.330000,140.010000,140.970000,23928591
2017-05-26,141.000000,141.280000,140.810000,141.220000,13851582
2017-05-30,141.150000,141.505000,141.060000,141.340000,20306409
2017-05-31,141.840000,141.840000,140.570000,141.290000,33229404
2017-06-01,141.580000,141.900000,140.980000,141.840000,20120741
2017-06-02,142.340000,143.490000,142.110000,143.460000,37222881
2017-06-05,143.450000,143.680000,143.230000,143.430000,15727526
2017-06-06,143.260000,143.730000,142.650000,142.860000,22393024
2017-06-07,143.260000,143.540000,142.600000,143.420000,18842408
2017-06-08,143.740000,143.800000,142.790000,143.570000,25417408
2017-06-09,143.740000,143.900000,138.110000,139.980000,109783737
2017-06-12,138.840000,139.480000,137.470000,139.230000,104453977
2017-06-13,140.010000,140.560000,139.280000,140.360000,51193010
2017-06-14,140.930000,140.930000,138.620000,139.750000,60093764
2017-06-15,138.340000,139.280000,137.490000,139.130000,55145160
2017-06-16,138.680000,138.777000,137.638000,138.150000,48087413
2017-06-19,139.490000,140.590000,139.280000,140.460000,39626533
2017-06-20,140.320000,140.500000,139.310000,139.360000,40935078
2017-06-21,139.680000,140.810000,139.590000,140.740000,35743366
2017-06-22,140.960000,141.220000,140.340000,140.700000,24099115
2017-06-23,140.540000,141.420000,140.150000,141.240000,21654314
2017-06-26,142.050000,142.290000,140.270000,140.580000,34411094
2017-06-27,140.050000,140.220000,138.020000,138.030000,65957819
2017-06-28,138.540000,140.140000,137.740000,140.020000,57427180
2017-06-29,139.440000,139.440000,136.250000,137.590000,88769351
2017-06-30,137.980000,138.668700,137.190000,137.640000,68898255
2017-07-03,138.270000,138.430000,136.100000,136.190000,32797005
2017-07-05,136.620000,137.900000,136.160000,137.530000,42116584
2017-07-06,136.480000,137.060000,135.800000,136.290000,48430476
2017-07-07,136.750000,138.130000,136.740000,137.760000,36970402
2017-07-10,137.850000,138.985000,137.500000,138.660000,24853545
2017-07-11,138.460000,139.220000,137.940000,139.050000,31517660
2017-07-12,140.240000,140.860000,139.955000,140.700000,36045799
2017-07-13,140.870000,141.350000,140.600000,141.010000,31073595
2017-07-14,141.640000,142.300000,141.190000,142.120000,34544847
2017-07-17,142.270000,142.690000,141.920000,142.190000,25343155
2017-07-18,142.090000,143.170000,141.640000,143.140000,25748527
2017-07-19,143.560000,144.190000,143.500000,143.980000,33752309
2017-07-20,144.350000,144.440000,143.520000,144.170000,36139449
2017-07-21,143.640000,144.110000,143.350000,144.110000,39697094
2017-07-24,144.090000,144.870000,143.920000,144.770000,26712732
2017-07-25,144.290000,144.740000,144.010000,144.400000,28120884
2017-07-26,144.760000,144.950000,144.530000,144.870000,18610634
2017-07-27,145.820000,145.960000,142.300000,143.960000,80665866
2017-07-28,143.100000,144.075200,142.870000,143.840000,38013176
2017-07-31,144.250000,144.430000,142.920000,143.230000,33848645
2017-08-01,143.720000,143.760000,143.120000,143.560000,20149421
2017-08-02,144.490000,144.520000,142.610000,143.950000,41769667
2017-08-03,144.090000,144.170000,143.130000,143.390000,27112799
2017-08-04,143.710000,143.970000,143.060000,143.650000,29472909
2017-08-07,143.910000,144.560000,143.710000,144.560000,17933942
2017-08-08,144.280000,145.470000,143.900000,144.310000,30810364
2017-08-09,143.120000,144.190000,142.795000,144.120000,36169473
2017-08-10,143.300000,143.400000,140.890000,141.030000,63331663
2017-08-11,141.240000,142.410000,140.900000,142.100000,45862488
2017-08-14,143.230000,144.150000,143.190000,143.930000,34161024
2017-08-15,144.290000,144.302000,143.640000,144.030000,25509181
2017-08-16,144.390000,144.960000,143.800700,144.280000,31913002
2017-08-17,143.720000,143.940000,141.330000,141.330000,70190975
2017-08-18,141.410000,142.200000,140.650000,141.230000,60751940
2017-08-21,141.230000,141.530000,140.180000,141.050000,37111487
2017-08-22,141.810000,143.350000,141.760000,143.200000,36294232
2017-08-23,142.480000,143.010000,142.380000,142.690000,25702324
2017-08-24,143.010000,143.170000,141.470000,142.270000,38160803
2017-08-25,142.820000,143.180000,141.780000,141.970000,26380436
2017-08-28,142.400000,142.740000,141.950100,142.410000,15362141
2017-08-29,141.180000,143.210000,141.060000,142.970000,24498333
2017-08-30,143.090000,144.890000,143.000000,144.650000,33642716
2017-08-31,145.060000,146.210000,144.980000,146.200000,38480747
2017-09-01,146.390000,146.585000,145.610000,146.000000,22293553
2017-09-05,145.570000,145.880000,143.600000,144.690000,45480562
2017-09-06,145.110000,145.460000,144.080000,145.130000,30722723
2017-09-07,145.400000,145.840000,144.940000,145.470000,22721131
2017-09-08,145.280000,145.350000,144.060000,144.210000,27890115
2017-09-11,145.335000,146.120000,145.300000,145.870000,27126332
2017-09-12,146.280000,146.410000,145.530000,146.220000,30256661
2017-09-13,145.970000,146.440000,145.730000,146.420000,28450864
2017-09-14,145.850000,146.286900,145.470000,145.560000,35296413
2017-09-15,145.530000,146.590000,145.290000,146.060000,46422402
2017-09-18,145.910000,146.370000,145.110000,145.550000,24858157
2017-09-19,145.810000,146.010000,145.310000,145.800000,20871237
2017-09-20,145.750000,145.910000,144.230000,145.350000,34236155
2017-09-21,145.250000,145.260000,143.950000,144.460000,28841835
2017-09-22,144.000000,144.530000,143.855000,144.320000,21702401
2017-09-25,143.750000,143.829900,142.100000,142.800000,54947712
2017-09-26,143.530000,143.800000,142.670000,143.170000,29628806
2017-09-27,143.930000,145.000000,143.570000,144.460000,33249403
2017-09-28,144.110000,144.556600,143.780000,144.410000,24149422
2017-09-29,144.700000,145.555000,144.320000,145.450000,43102366
2017-10-02,145.670000,146.170000,144.930000,145.580000,27351260
2017-10-03,145.770000,146.060000,145.450000,145.890000,19715152
2017-10-04,145.610000,146.340000,145.470000,146.030000,26381099
2017-10-05,146.560000,147.540000,146.406300,147.460000,31562353
2017-10-06,146.960000,147.660000,146.960000,147.660000,23561069
2017-10-09,147.850000,148.009300,147.300000,147.490000,13704835
2017-10-10,147.990000,148.140000,146.950000,147.600000,19223092
2017-10-11,147.530000,148.070000,147.340000,148.040000,12439051
2017-10-12,147.820000,148.355000,147.615000,147.770000,14513477
2017-10-13,148.370000,148.510000,147.777200,148.340000,18409888
2017-10-16,148.710000,148.890000,148.392800,148.850000,21809410
2017-10-17,148.800000,149.060000,148.570000,149.040000,13138157
2017-10-18,149.190000,149.210000,148.640000,148.860000,17218243
2017-10-19,147.990000,148.330000,147.270000,148.310000,27680285
2017-10-20,148.910000,149.040000,148.530000,148.710000,30173268
2017-10-23,149.020000,149.030000,147.530000,147.740000,29297126
2017-10-24,148.030000,148.300000,147.440000,147.990000,20289467
2017-10-25,147.700000,148.180000,146.330000,147.430000,36179124
2017-10-26,147.340000,147.705000,146.920000,146.960000,28230199
2017-10-27,149.430000,151.520000,149.200000,151.240000,60165127
2017-10-30,151.130000,152.190000,150.989900,151.580000,31733386
2017-10-31,152.070000,152.370000,151.630000,152.150000,26319327
2017-11-01,152.760000,152.830000,151.500000,152.100000,29481569
2017-11-02,151.930000,151.990000,150.770000,151.810000,31017426
2017-11-03,152.360000,153.290000,151.840000,153.270000,26199249
2017-11-06,153.150000,153.850000,153.100000,153.790000,28693919
2017-11-07,153.670000,154.082300,153.340000,153.880000,21333062
2017-11-08,153.800000,154.540000,153.620000,154.500000,17373517
2017-11-09,153.230000,153.770000,152.110000,153.690000,40594482
2017-11-10,153.330000,153.800000,153.060000,153.680000,20150762
2017-11-13,153.100000,154.069300,153.100000,153.870000,12522399
2017-11-14,153.330000,153.500000,152.570000,153.310000,25173763
2017-11-15,152.650000,153.000000,151.780000,152.590000,24808004
2017-11-16,153.360000,154.890000,153.330000,154.540000,34790570
2017-11-17,154.580000,154.690000,153.800000,153.950000,28725800
2017-11-20,154.060000,154.200000,153.610000,153.830000,21143944
2017-11-21,154.560000,155.570000,154.485000,155.500000,20147763
2017-11-22,155.640000,155.840000,155.341000,155.690000,17299040
2017-11-24,155.850000,156.310000,155.760000,156.260000,8280586
2017-11-27,156.210000,156.560000,155.830000,156.190000,22653389
2017-11-28,156.540000,156.690000,155.700000,156.590000,25227320
2017-11-29,156.410000,156.450000,153.120000,153.860000,71986338
2017-11-30,154.510000,155.450000,154.145000,155.150000,56595465
2017-12-01,154.200000,155.240000,152.260000,154.490000,59015828
2017-12-04,155.460000,155.625000,152.560000,152.710000,51319146
2017-12-05,152.680000,154.550000,152.100000,152.810000,40604211
2017-12-06,152.260000,153.735000,152.060000,153.500000,28647769
2017-12-07,153.490000,154.460000,153.330000,154.020000,32666207
2017-12-08,155.100000,155.530000,154.460000,154.700000,28081666
2017-12-11,154.770000,155.950000,154.760000,155.900000,20821528
2017-12-12,155.810000,156.150000,155.360000,155.690000,20310252
2017-12-13,156.320000,156.490000,155.760000,155.990000,24418479
2017-12-14,156.260000,156.660000,155.710000,155.880000,24594682
2017-12-15,156.490000,157.820000,156.230000,157.650000,49816151
2017-12-18,158.360000,158.770000,158.070000,158.640000,26844519
2017-12-19,158.340000,158.500000,157.260000,157.700000,31414968
2017-12-20,158.250000,158.280000,156.910000,157.530000,38972602
2017-12-21,157.750000,158.250000,157.370000,157.550000,18638679
2017-12-22,157.310000,157.432000,156.950000,157.370000,23330440
2017-12-26,156.490000,156.720000,155.950000,156.520000,21918720
2017-12-27,156.530000,156.960000,156.390000,156.540000,22388186
2017-12-28,157.040000,157.065300,156.540000,156.730000,25393825
2017-12-29,156.870000,156.900000,155.700000,155.760000,33185962
2018-01-02,156.560000,158.525000,156.170000,158.490000,32573272
2018-01-03,158.640000,160.170000,158.610000,160.030000,29383557
2018-01-04,160.580000,160.790000,160.082500,160.310000,24776125
2018-01-05,161.070000,162.030000,160.770000,161.920000,26992340
2018-01-08,161.920000,162.630000,161.860000,162.550000,23159061
2018-01-09,162.870000,163.040000,162.070000,162.560000,24782448
2018-01-10,161.840000,162.210000,161.120000,162.180000,34004028
2018-01-11,162.460000,163.300000,162.210000,163.290000,20473518
2018-01-12,163.150000,164.660000,162.940000,164.490000,37762708
2018-01-16,165.580000,166.415000,163.530000,164.020000,41231849
2018-01-17,164.800000,166.040000,163.998200,165.790000,33849879
2018-01-18,165.530000,166.199900,165.135000,165.820000,26432166
2018-01-19,166.320000,166.610000,165.535000,166.340000,38937588
2018-01-22,166.280000,168.120000,166.090000,168.120000,26081388
2018-01-23,168.640000,169.660000,168.555000,169.510000,37989650
2018-01-24,169.870000,170.240000,167.440000,168.410000,54287377
2018-01-25,169.570000,169.630000,167.810000,168.350000,28924956
2018-01-26,169.290000,170.952000,168.960000,170.930000,32038184
2018-01-29,170.570000,170.910000,169.740000,170.100000,37277849
2018-01-30,168.550000,169.420000,167.820000,168.700000,44987688
2018-01-31,169.650000,169.989900,168.340000,169.400000,42449199
2018-02-01,168.100000,169.730000,167.420000,167.960000,38037875
2018-02-02,167.300000,167.700000,164.470000,164.610000,68478082
2018-02-05,163.070000,165.750000,158.000000,158.120000,105372224
2018-02-06,155.810000,162.510000,155.100000,162.310000,118537891
2018-02-07,161.790000,163.550000,160.200000,160.210000,91028328
2018-02-08,160.620000,160.800000,153.450000,153.450000,94184831
2018-02-09,155.620000,157.240000,150.125000,156.100000,113836554
2018-02-12,157.700000,159.950000,156.460000,158.870000,63050637
2018-02-13,157.960000,160.010000,157.719700,159.690000,31785595
2018-02-14,158.750000,162.930000,158.000000,162.680000,52107431
2018-02-15,164.140000,165.700000,162.440000,165.700000,51633887
2018-02-16,165.160000,166.755000,164.679900,164.960000,62256291
2018-02-20,164.380000,166.680000,164.310000,165.290000,36785626
2018-02-21,166.100000,167.720000,164.720000,164.820000,41161779
2018-02-22,165.540000,166.420000,164.376900,164.800000,37074413
2018-02-23,166.130000,168.170000,165.450000,168.170000,50096916
2018-02-26,168.960000,170.400000,168.820000,170.400000,39266658
2018-02-27,170.450000,170.730000,168.210000,168.290000,42209873
2018-02-28,169.250000,169.800000,167.100000,167.210000,42936334
2018-03-01,167.300000,168.070000,163.001000,164.480000,76809904
2018-03-02,162.500000,166.280000,161.960000,165.990000,57445063
2018-03-05,165.210000,168.260000,164.590000,167.830000,38540207
2018-03-06,168.650000,169.110000,167.480000,168.540000,29480927
2018-03-07,167.250000,169.070000,166.960000,168.930000,34609407
2018-03-08,169.630000,169.980000,168.950000,169.860000,25828371
2018-03-09,171.070000,173.160000,170.820000,173.160000,38310546
2018-03-12,173.670000,174.480000,173.280000,174.080000,37634971
2018-03-13,174.830000,175.210000,171.266600,171.710000,55638925
2018-03-14,172.610000,172.740000,170.930000,171.680000,40536383
2018-03-15,171.800000,172.530000,170.900000,171.530000,28810366
2018-03-16,171.820000,172.200000,170.935000,171.020000,31176742
2018-03-19,169.100000,169.220000,165.639300,167.100000,71395061
2018-03-20,167.170000,168.040000,166.610000,167.650000,34075664
2018-03-21,167.210000,168.760000,166.190000,166.920000,43863543
2018-03-22,164.610000,165.770000,162.590000,162.800000,66607288
2018-03-23,162.610000,163.300000,158.430000,158.510000,80110392
2018-03-26,161.720000,164.600000,159.160000,164.400000,57481503
2018-03-27,165.620000,165.620000,157.680000,159.080000,78889105
2018-03-28,158.170000,159.780000,156.040000,157.250000,89369655
2018-03-29,158.100000,161.710000,156.633800,160.130000,68692566
2018-04-02,158.990000,159.740000,153.880000,155.510000,85549443
2018-04-03,156.870000,157.920000,154.440000,157.260000,64090049
2018-04-04,154.220000,160.230000,154.040000,159.740000,65768692
2018-04-05,161.330000,161.580000,159.480000,160.650000,43054868
2018-04-06,158.880000,160.460100,155.880000,156.630000,59870865
2018-04-09,157.980000,160.880000,157.460000,157.730000,41810380
2018-04-10,160.210000,161.730000,159.070000,161.210000,48601323
2018-04-11,160.200000,162.000000,160.100000,160.280000,41622139
2018-04-12,161.250000,162.770000,161.160000,162.210000,30467889
2018-04-13,163.020000,163.260000,160.670000,161.370000,44604892
2018-04-16,162.500000,163.190000,161.480000,162.600000,28180780
2018-04-17,164.240000,166.459200,163.910000,166.100000,35536087
2018-04-18,166.100000,167.000000,165.310000,166.440000,29573880
2018-04-19,165.600000,165.990000,164.340000,164.910000,34705692
2018-04-20,164.490000,164.610000,161.730000,162.300000,49197140
2018-04-23,163.090000,163.730000,161.020000,161.890000,33040646
2018-04-24,162.660000,162.905000,157.390000,158.460000,70256751
2018-04-25,158.740000,159.310000,156.470000,158.650000,52089323
2018-04-26,160.700000,162.530000,160.180000,161.990000,43005532
2018-04-27,164.370000,164.410000,161.170000,162.090000,51043406
2018-04-30,162.470000,163.480000,160.540000,160.940000,35615273
2018-05-01,160.520000,162.800000,160.140000,162.780000,36513529
2018-05-02,163.060000,163.570000,161.630000,161.820000,38646842
2018-05-03,161.000000,162.400000,159.220000,161.800000,60337134
2018-05-04,161.100000,165.250000,160.980000,164.870000,41543243
2018-05-07,165.640000,166.780000,165.510000,166.240000,32500152
2018-05-08,165.890000,166.430000,164.860000,166.070000,26040170
2018-05-09,166.370000,168.000000,165.780000,167.880000,29122718
2018-05-10,168.420000,169.740000,168.290000,169.620000,27067597
2018-05-11,169.420000,169.860000,168.720000,169.460000,24688847
2018-05-14,169.850000,170.820000,169.470000,169.750000,21821749
2018-05-15,168.410000,168.500000,166.980000,167.870000,49361638
2018-05-16,168.090000,169.370000,168.010000,168.980000,22941159
2018-05-17,168.390000,169.610000,167.510000,168.330000,27480164
2018-05-18,167.680000,168.260000,167.210000,167.460000,26217939
2018-05-21,168.760000,169.500000,167.680000,168.400000,22954565
2018-05-22,169.170000,169.450000,167.880000,168.180000,19477721
2018-05-23,166.880000,169.620000,166.880000,169.600000,26557835
2018-05-24,169.550000,169.850000,167.840000,169.550000,27696539
2018-05-25,169.530000,170.330000,169.210000,169.720000,27460536
2018-05-29,168.950000,169.920000,167.960000,168.970000,41220468
2018-05-30,169.580000,170.480000,169.220000,170.180000,22665836
2018-05-31,170.180000,171.200000,169.630000,170.070000,35670946
2018-06-01,170.920000,172.840000,170.870000,172.740000,45543331
2018-06-04,173.180000,174.340000,173.070000,174.300000,20459634
2018-06-05,174.710000,175.130000,174.065000,174.840000,24779284
2018-06-06,175.024800,175.890000,174.140000,175.860000,25036647
2018-06-07,175.890000,175.930000,173.550000,174.430000,39600316
2018-06-08,173.610000,174.880300,173.180000,174.440000,31780348
2018-06-11,174.310000,175.340000,174.280000,174.910000,22319709
2018-06-12,175.150000,176.000000,174.960000,175.830000,22511832
2018-06-13,176.100000,177.140000,175.430000,175.820000,37858584
2018-06-14,176.630000,177.890000,176.500000,177.600000,35915978
2018-06-15,176.930000,177.325000,176.110000,176.980000,49615730
2018-06-18,175.490000,176.650000,174.940000,176.500000,31633192
2018-06-19,174.270000,176.040000,173.710000,176.000000,38235994
2018-06-20,176.810000,177.980000,176.650000,177.250000,33038042
2018-06-21,177.700000,177.880000,175.370000,175.710000,43469439
2018-06-22,176.300000,176.369000,174.690000,175.320000,30073187
2018-06-25,173.730000,173.990000,169.810000,171.370000,77799725
2018-06-26,172.000000,173.058500,171.370000,172.070000,39008146
2018-06-27,172.800000,173.580000,169.610000,169.730000,52843497
2018-06-28,169.470000,171.770000,169.170000,171.190000,46407708
2018-06-29,172.010000,172.920000,171.395000,171.650000,36408464
2018-07-02,169.970000,172.850000,169.670000,172.800000,31770026
2018-07-03,173.450000,173.450000,170.630000,170.800000,25512707
2018-07-05,171.940000,173.060000,171.030000,172.920000,31626198
2018-07-06,173.320000,175.740000,173.000000,175.610000,37005574
2018-07-09,176.520000,177.230000,175.820000,177.190000,27362061
2018-07-10,177.520000,177.720000,176.710000,177.320000,23902488
2018-07-11,175.930000,177.070000,175.800000,176.420000,30280553
2018-07-12,177.200000,179.460000,177.080000,179.460000,27930119
2018-07-13,179.450000,179.900000,178.950000,179.610000,28067961
2018-07-16,179.650000,179.950000,178.880000,179.180000,21405310
2018-07-17,177.280000,180.650000,177.280000,180.270000,31034075
2018-07-18,180.290000,180.440000,179.380000,179.930000,23220839
2018-07-19,179.280000,179.880000,178.820000,179.030000,31094145
2018-07-20,179.620000,180.170000,178.790000,178.990000,35907619
2018-07-23,178.460000,179.640000,177.740000,179.560000,22184720
2018-07-24,181.410000,182.050000,179.560000,180.300000,36900281
2018-07-25,180.380000,182.930000,180.290000,182.820000,36022078
2018-07-26,180.340000,180.920000,179.810000,180.050000,40873485
2018-07-27,181.190000,181.310000,176.600000,177.620000,59456093
2018-07-30,177.630000,177.730000,174.270000,175.110000,60192990
2018-07-31,175.800000,177.130000,174.820000,176.450000,47285135
2018-08-01,176.860000,177.650000,176.096700,177.120000,37101925
2018-08-02,175.870000,179.740000,175.790000,179.530000,47178229
2018-08-03,179.870000,180.090000,179.080000,180.080000,28934445
2018-08-06,179.960000,181.190000,179.740000,181.140000,24808763
2018-08-07,181.650000,182.140000,181.260000,181.800000,29895664
2018-08-08,181.600000,182.350000,181.060000,182.020000,22680749
2018-08-09,181.910000,182.630000,181.640000,181.910000,18852898
2018-08-10,180.680000,181.220000,179.840000,180.520000,33818464
2018-08-13,180.880000,182.010000,180.241000,180.320000,26089195
2018-08-14,181.010000,181.660000,180.040000,181.450000,20913021
2018-08-15,180.010000,180.580000,178.120000,179.230000,58528016
2018-08-16,180.610000,180.990000,179.470000,179.820000,27711761
2018-08-17,179.350000,180.310000,178.267900,179.860000,36092641
2018-08-20,180.260000,180.325100,179.000000,179.700000,24938956
2018-08-21,180.240000,181.440000,180.130000,180.360000,26258657
2018-08-22,179.980000,181.270000,179.750000,181.060000,18042380
2018-08-23,180.740000,182.045000,180.500000,180.800000,25776166
2018-08-24,181.400000,182.630000,181.360000,182.480000,23136113
2018-08-27,183.400000,184.340000,183.110000,184.340000,29343552
2018-08-28,184.830000,185.020000,184.220000,184.610000,20277036
2018-08-29,184.930000,186.840000,184.860000,186.740000,29175591
2018-08-30,186.380000,187.519900,185.790000,186.410000,29315453
2018-08-31,186.180000,187.180000,185.980000,186.650000,28653248
2018-09-04,186.080000,186.400000,184.850000,185.850000,29063537
2018-09-05,185.520000,185.550000,182.820000,183.450000,42623326
2018-09-06,183.530000,183.750000,180.580000,181.810000,46091403
2018-09-07,180.500000,182.670000,180.440000,181.110000,46629495
2018-09-10,182.150000,182.250000,180.725000,181.720000,26131977
2018-09-11,180.990000,183.420000,180.520000,183.120000,30116460
2018-09-12,182.850000,182.980000,181.010000,182.580000,36203973
2018-09-13,183.720000,184.880000,183.640100,184.530000,31133188
2018-09-14,184.660000,184.945000,183.260000,183.990000,31224132
2018-09-17,183.680000,183.810000,181.170000,181.340000,33071197
2018-09-18,181.490000,183.730000,181.400000,182.840000,31877347
2018-09-19,182.870000,183.300000,181.510000,182.700000,31843377
2018-09-20,183.960000,184.970000,183.519900,184.720000,33295820
2018-09-21,185.220000,185.480000,183.480000,183.710000,38605353
2018-09-24,182.020000,183.960000,181.300000,183.890000,34945602
2018-09-25,183.810000,184.280000,183.180000,184.140000,25277520
2018-09-26,184.300000,185.990000,183.905000,184.270000,36210571
2018-09-27,185.020000,186.490000,184.920000,185.830000,33113269
2018-09-28,185.310000,186.280000,184.970000,185.790000,28076843
2018-10-01,186.870000,187.530000,185.700000,186.170000,27371297
2018-10-02,186.010000,187.175000,185.320000,185.750000,25618608
2018-10-03,186.530000,186.970000,185.660000,185.950000,29128683
2018-10-04,185.200000,185.320000,181.060000,182.380000,80557283
2018-10-05,182.360000,182.970000,178.430000,180.150000,83325630
2018-10-08,179.520000,180.642700,176.930000,179.050000,66864481
2018-10-09,179.180000,181.020000,178.750000,179.630000,49097949
2018-10-10,178.510000,178.620000,171.500000,171.730000,114471052
2018-10-11,171.020000,173.400000,167.810000,169.600000,143084463
2018-10-12,174.170000,174.860000,170.932800,174.320000,102078388
2018-10-15,173.710000,174.040000,171.560000,172.210000,64885255
2018-10-16,174.020000,177.650000,173.700000,177.220000,71979688
2018-10-17,178.080000,178.258500,175.470000,177.290000,66987639
2018-10-18,176.620000,176.680000,172.440000,173.180000,82486208
2018-10-19,174.580000,176.070000,172.390000,173.020000,82923733
2018-10-22,174.060000,175.248500,172.590000,173.910000,52909281
2018-10-23,170.640000,174.130000,168.820000,173.270000,77566972
2018-10-24,173.070000,173.360000,165.040000,165.340000,102997449
2018-10-25,167.910000,172.080000,167.160000,171.060000,83481070
2018-10-26,165.200000,169.960000,164.230000,166.660000,130970908
2018-10-29,169.210000,169.860000,160.090000,163.230000,111871933
2018-10-30,162.750000,166.035000,162.015000,165.920000,92583965
2018-10-31,168.620000,171.250000,168.540000,169.820000,73828635
2018-11-01,170.070000,172.240000,168.780000,172.060000,52706823
2018-11-02,171.530000,172.550000,168.220000,169.380000,75966781
2018-11-05,169.600000,169.660000,167.080000,168.960000,39573533
2018-11-06,168.970000,171.190000,168.720000,170.240000,34410390
2018-11-07,172.280000,175.580000,171.870000,175.580000,51169614
2018-11-08,174.860000,175.302000,173.630000,174.460000,40296538
2018-11-09,172.830000,173.250000,170.160000,171.520000,50602710
2018-11-12,170.320000,170.640000,166.180000,166.330000,62578371
2018-11-13,167.110000,169.480000,166.000000,166.470000,64128079
2018-11-14,168.120000,168.700000,164.250000,165.200000,75270714
2018-11-15,164.900000,168.540000,163.460000,168.090000,73254349
2018-11-16,166.450000,168.310000,165.780000,167.500000,65390675
2018-11-19,166.700000,166.900000,161.540000,162.060000,67280478
2018-11-20,158.370000,161.380000,157.130000,159.160000,102652794
2018-11-21,161.350000,161.970000,159.232300,160.370000,42965839
2018-11-23,159.130000,160.840000,159.090000,159.210000,23503729
2018-11-26,161.460000,162.970000,160.760000,162.890000,42012633
2018-11-27,162.040000,163.850000,161.180000,163.440000,36608063
2018-11-28,164.660000,168.700000,163.471900,168.700000,70140986
2018-11-29,167.990000,169.260000,166.820000,168.150000,44885711
2018-11-30,168.410000,169.470000,167.540000,169.370000,36722760
2018-12-03,173.110000,173.310000,169.510100,172.330000,50771695
2018-12-04,171.430000,171.910000,165.520000,165.720000,70594743
2018-12-06,162.380000,166.910000,161.770000,166.890000,71715526
2018-12-07,166.160000,167.120000,160.860000,161.380000,80432176
2018-12-10,161.080000,163.780000,159.410000,163.070000,73960758
2018-12-11,165.730000,165.770000,162.230000,163.610000,59058296
2018-12-12,166.000000,167.600000,164.960000,165.050000,53779992
2018-12-13,166.130000,166.820000,164.030000,165.100000,46377864
2018-12-14,163.210000,163.810000,160.700000,161.080000,56547419
2018-12-17,160.390000,161.670000,156.170000,157.430000,74834076
2018-12-18,158.650000,159.950000,157.040000,158.420000,63642120
2018-12-19,158.180000,160.720000,153.340000,154.530000,81856456
2018-12-20,154.150000,155.870000,150.390000,152.290000,99002139
2018-12-21,153.050000,154.090000,146.720000,147.570000,141129408
2018-12-24,146.080000,147.980000,143.460000,143.500000,56163290
2018-12-26,145.080000,152.540000,144.090000,152.460000,98982064
2018-12-27,150.370000,153.180000,147.080000,153.050000,85824343
2018-12-28,154.150000,155.590000,151.720000,152.970000,77856625
2018-12-31,154.400000,154.980000,152.710000,154.260000,53015313
2019-01-02,150.990000,155.750000,150.880000,154.880000,58576672
2019-01-03,152.600000,153.260000,149.490000,149.820000,74820225
2019-01-04,152.340000,157.000000,151.740000,156.230000,74709320
2019-01-07,156.620000,158.860000,156.110000,158.090000,52059331
2019-01-08,159.540000,160.110000,157.200000,159.520000,49388694
2019-01-09,160.140000,161.522900,159.470000,160.820000,46491747
2019-01-10,159.600000,161.370000,158.700000,161.280000,38943414
2019-01-11,160.330000,160.860000,159.790000,160.690000,30176643
2019-01-14,159.330000,159.960000,158.590000,159.270000,30710234
2019-01-15,160.000000,162.600000,159.909600,162.380000,40874224
2019-01-16,162.650000,163.780000,162.290000,162.350000,33812190
2019-01-17,161.830000,164.360000,161.570000,163.630000,39328959
2019-01-18,164.780000,166.020000,163.820000,165.250000,57183243
2019-01-22,164.060000,164.140000,160.760000,161.940000,56711694
2019-01-23,162.770000,163.510000,160.320000,162.150000,38106062
2019-01-24,162.680000,163.440000,162.062600,163.200000,32413351
2019-01-25,164.510000,165.650000,163.950000,165.150000,36466069
2019-01-28,163.020000,163.120000,161.750000,163.110000,33491216
2019-01-29,163.200000,163.240000,160.990000,161.570000,30784175
2019-01-30,163.400000,166.280000,162.890000,165.680000,41346533
2019-01-31,166.700000,168.990000,166.470100,168.160000,37258361
2019-02-01,167.330000,168.600000,166.990000,167.450000,32143672
2019-02-04,167.480000,169.530000,167.330000,169.530000,26718781
2019-02-05,169.760000,171.230000,169.690000,171.030000,28156368
2019-02-06,171.070000,171.370000,169.750000,170.520000,27970006
2019-02-07,168.940000,169.449900,166.950000,168.230000,42036193
2019-02-08,166.760000,168.590000,166.570000,168.560000,29020747
2019-02-11,169.170000,169.580000,167.980000,168.400000,21434088
2019-02-12,169.630000,171.140000,169.330000,170.890000,29722073
2019-02-13,171.650000,172.160000,170.820000,171.010000,26094136
2019-02-14,170.400000,171.830000,169.830000,171.220000,30326830
2019-02-15,172.520000,172.562300,171.139200,171.940000,32521685
2019-02-19,171.410000,172.800000,171.380000,172.280000,19487679
2019-02-20,172.400000,173.080000,171.320000,172.250000,32592995
2019-02-21,171.790000,172.260000,170.710000,171.620000,25207401
2019-02-22,171.980000,173.010000,171.900000,172.890000,27735358
2019-02-25,174.200000,174.660000,173.400000,173.520000,32608754
2019-02-26,173.040000,174.250000,172.810000,173.700000,21939717
2019-02-27,172.920000,173.800000,171.760000,173.590000,25162014
2019-02-28,173.040000,173.810000,172.700000,173.190000,25085470
2019-03-01,174.410000,174.650000,173.180000,174.390000,31421046
2019-03-04,175.370000,175.790000,172.470000,174.420000,38063458
2019-03-05,174.520000,175.085000,173.685000,174.570000,22319863
2019-03-06,174.680000,174.750000,173.280000,173.560000,27194581
2019-03-07,173.090000,173.180000,170.790000,171.430000,39407443
2019-03-08,169.510000,171.260000,169.337500,171.170000,39303225
2019-03-11,171.860000,174.850000,171.850000,174.730000,30518408
2019-03-12,175.170000,176.140000,174.771500,175.720000,33953500
2019-03-13,176.600000,177.930000,176.350000,177.010000,42426135
2019-03-14,177.115000,177.340000,176.660000,176.710000,23751477
2019-03-15,177.430000,178.880000,177.280000,178.350000,38191958
2019-03-18,177.950000,178.990000,177.591500,178.450000,32935125
2019-03-19,179.160000,180.000000,178.290000,179.050000,36893341
2019-03-20,179.060000,180.860000,178.240000,179.760000,50104996
2019-03-21,179.240000,182.830000,179.200000,182.560000,42428481
2019-03-22,181.760000,182.270000,178.370000,178.560000,70794543
2019-03-25,177.920000,178.840000,176.930000,178.220000,46336524
2019-03-26,179.580000,180.690000,178.140000,179.040000,33248121
2019-03-27,179.270000,179.720000,176.600000,177.910000,37096697
2019-03-28,178.360000,178.980000,177.240000,178.310000,30368235
2019-03-29,179.630000,179.830000,178.590000,179.690000,35205511
2019-04-01,181.420000,182.260000,180.770000,182.040000,30969472
2019-04-02,182.230000,182.905000,181.780000,182.730000,22645151
2019-04-03,183.740000,184.920000,183.208900,183.780000,31633476
2019-04-04,183.810000,184.500000,182.650000,183.710000,28530828
2019-04-05,184.300000,184.770000,184.018300,184.660000,25674660
2019-04-08,184.370000,185.280000,183.630000,185.140000,22697543
2019-04-09,184.500000,185.110000,184.090000,184.480000,25631886
2019-04-10,184.750000,185.530000,184.520000,185.470000,24562958
2019-04-11,185.770000,185.780000,184.689900,185.030000,20654094
2019-04-12,185.860000,185.950000,185.060100,185.830000,24989136
2019-04-15,185.810000,186.070000,184.620000,185.860000,21073046
2019-04-16,186.510000,186.910000,185.930000,186.500000,27195709
2019-04-17,187.750000,187.930000,186.600000,187.150000,29651575
2019-04-18,187.480000,187.790500,186.290000,187.390000,28580864
2019-04-22,186.540000,188.860000,186.430000,187.920000,17936033
2019-04-23,188.370000,190.540000,188.130000,190.310000,33665561
2019-04-24,190.440000,190.710000,189.650000,189.710000,24977108
2019-04-25,191.150000,191.220000,189.450000,190.480000,29517497
2019-04-26,190.200000,190.690000,188.590000,190.650000,26359537
2019-04-29,190.620000,191.320000,190.340000,191.020000,21716242
2019-04-30,189.480000,189.850000,188.210000,189.540000,31495277
2019-05-01,190.760000,191.320000,188.795000,188.930000,34797109
2019-05-02,188.880000,189.850000,186.870000,188.140000,44110122
2019-05-03,189.690000,191.250000,189.330000,191.110000,30386180
2019-05-06,187.100000,190.200000,186.760000,189.940000,38371777
2019-05-07,187.860000,188.670000,184.510000,186.240000,58818134
2019-05-08,185.680000,187.170000,184.960000,185.770000,37165319
2019-05-09,183.760000,185.412100,182.090000,184.770000,55351668
2019-05-10,184.060000,185.890000,181.030200,185.000000,58526402
2019-05-13,180.300000,181.260000,178.060000,178.580000,67185766
2019-05-14,179.510000,181.630000,178.860000,180.540000,43360636
2019-05-15,179.390000,183.550000,179.310000,183.090000,40944547
2019-05-16,183.110000,186.070000,182.950000,184.930000,39281157
2019-05-17,183.100000,185.581300,182.880000,183.040000,44702276
2019-05-20,180.510000,181.179900,179.340000,179.950000,38608294
2019-05-21,181.500000,182.330000,180.920000,181.830000,31613790
2019-05-22,180.810000,182.070000,180.750000,181.020000,24332550
2019-05-23,179.000000,179.023000,177.140000,178.250000,45351309
2019-05-24,179.300000,179.850000,177.940000,178.160000,25903267
2019-05-28,178.670000,179.660000,177.470000,177.490000,24763823
2019-05-29,176.450000,177.000000,175.090000,176.030000,42178772
2019-05-30,176.540000,177.270000,175.770000,176.770000,30354790
2019-05-31,174.710000,175.290000,173.870000,173.950000,45446206
2019-06-03,173.520000,173.950000,169.270000,170.210000,75842290
2019-06-04,171.980000,174.970000,171.370000,174.910000,47797848
2019-06-05,176.600000,176.610000,174.380000,176.210000,34412697
2019-06-06,176.520000,178.040000,175.730000,177.610000,29913205
2019-06-07,178.500000,181.766600,178.330000,181.040000,45888345
2019-06-10,182.230000,184.850000,182.210000,183.150000,41385280
2019-06-11,185.070000,185.400000,182.780000,183.390000,41260320
2019-06-12,182.880000,183.280000,182.000000,182.340000,27758120
2019-06-13,183.120000,183.870000,182.740000,183.420000,23715829
2019-06-14,182.440000,183.110000,181.940000,182.640000,22844089
2019-06-17,183.010000,184.250000,182.835000,183.740000,20379476
2019-06-18,185.880000,187.720000,185.429100,186.410000,48177301
2019-06-19,186.730000,187.530000,185.570000,187.110000,31672855
2019-06-20,189.720000,189.760000,187.440100,188.850000,40921964
2019-06-21,188.570000,189.770000,188.173600,188.600000,39980418
2019-06-24,188.520000,188.720000,188.060000,188.160000,19375205
2019-06-25,188.060000,188.140000,184.650000,184.950000,33921112
2019-06-26,186.130000,187.330000,185.490000,185.790000,22595721
2019-06-27,186.470000,186.940000,185.990000,186.500000,19709228
2019-06-28,186.950000,187.150000,186.070000,186.740000,21179248
2019-07-01,190.300000,190.569900,188.380000,189.260000,31193393
2019-07-02,189.190000,190.030000,188.660000,190.010000,18035768
2019-07-03,190.450000,191.440000,190.290000,191.440000,15792067
2019-07-05,190.150000,191.400000,189.390000,191.050000,21415620
2019-07-08,189.860000,189.870000,188.930000,189.710000,17598826
2019-07-09,188.790000,190.900000,188.650000,190.660000,19193497
2019-07-10,191.790000,193.090000,191.470000,192.560000,28374513
2019-07-11,192.880000,193.340000,191.810000,192.420000,23736122
2019-07-12,192.630000,193.540000,192.450000,193.530000,20211883
2019-07-15,193.970000,194.190000,193.440000,194.150000,15606074
2019-07-16,193.860000,194.090000,192.560000,193.150000,20190891
2019-07-17,193.200000,193.490000,192.180000,192.200000,16765069
2019-07-18,191.300000,192.790000,190.690000,192.420000,29066336
2019-07-19,193.820000,193.830000,190.810000,191.010000,29387945
2019-07-22,191.500000,192.940000,191.440000,192.530000,18953596
2019-07-23,193.580000,193.810000,192.290000,193.790000,23786726
2019-07-24,193.070000,195.160000,193.030000,195.150000,20422872
2019-07-25,194.480000,194.520000,192.930000,193.300000,23434744
2019-07-26,194.520000,195.550000,194.430000,195.290000,20431243
2019-07-29,195.180000,195.180000,193.390000,194.620000,20451652
2019-07-30,193.160000,194.540000,192.990000,193.780000,18705006
2019-07-31,194.310000,194.430000,189.320000,191.100000,41627473
2019-08-01,191.510000,194.980000,189.230000,190.150000,63251648
2019-08-02,188.820000,188.990000,186.210000,187.350000,55214006
2019-08-05,183.510000,183.510000,179.200000,180.730000,75039971
2019-08-06,182.380000,183.800000,181.070000,183.260000,41897249
2019-08-07,181.320000,184.510000,179.890000,184.250000,49990586
2019-08-08,185.150000,188.320000,184.570000,188.260000,38418084
2019-08-09,187.320000,188.000000,185.030000,186.490000,33608926
2019-08-12,185.340000,185.900000,183.500000,184.350000,24642870
2019-08-13,184.270000,189.680000,184.020000,188.390000,40473043
2019-08-14,185.310000,185.950000,182.420000,182.760000,51000548
2019-08-15,183.110000,183.590000,181.160000,182.550000,36848178
2019-08-16,184.110000,185.950000,184.100000,185.480000,34785006
2019-08-19,188.030000,188.830000,187.500000,188.430000,22568634
2019-08-20,188.000000,188.635000,186.920000,186.970000,19939552
2019-08-21,188.660000,189.230000,187.960000,188.630000,20745478
2019-08-22,188.980000,189.460000,186.540000,188.020000,24270520
2019-08-23,186.760000,188.450000,181.560000,182.070000,55442893
2019-08-26,184.190000,184.870000,183.080000,184.820000,27689838
2019-08-27,186.080000,186.420000,183.710000,184.430000,28080093
2019-08-28,183.840000,185.400000,182.910000,185.090000,21848789
2019-08-29,187.370000,188.456200,186.675000,187.920000,25427207
2019-08-30,188.940000,188.970000,186.410000,187.470000,26332749
2019-09-03,186.260000,187.180000,185.030000,185.650000,28026617
2019-09-04,187.430000,188.490000,186.900000,188.330000,21676335
2019-09-05,190.390000,192.325000,190.340000,191.780000,34060994
2019-09-06,192.030000,192.170000,191.170000,191.590000,19487821
2019-09-09,192.180000,192.270000,190.215000,191.190000,24407580
2019-09-10,190.190000,190.740000,188.910000,190.640000,23744687
2019-09-11,190.980000,192.530000,190.560000,192.430000,25063617
2019-09-12,193.640000,194.710000,192.970000,193.230000,28689878
2019-09-13,192.950000,193.400000,192.290000,192.540000,27669795
2019-09-16,191.300000,192.080000,191.110000,191.680000,20318987
2019-09-17,191.700000,192.600000,191.290000,192.600000,21113675
2019-09-18,192.200000,192.600000,190.110000,192.520000,31173056
2019-09-19,192.860000,194.035000,192.470000,192.840000,26214873
2019-09-20,193.110000,193.310000,190.160000,190.800000,30131528
2019-09-23,190.360000,191.070000,189.720000,190.500000,22917563
2019-09-24,191.370000,191.790000,187.151000,187.970000,41096614
2019-09-25,187.790000,190.580000,186.210000,190.080000,36499191
2019-09-26,189.870000,190.000000,187.980000,189.380000,27030029
2019-09-27,189.700000,189.830000,185.750000,187.030000,40804222
2019-09-30,187.750000,189.110000,187.400000,188.810000,26559841
2019-10-01,189.540000,190.589800,186.955000,187.270000,32665025
2019-10-02,186.010000,186.030000,183.020000,184.050000,48931982
2019-10-03,184.070000,186.206500,181.820000,186.070000,39612315
2019-10-04,186.990000,189.080000,186.880000,188.810000,32752668
2019-10-07,188.230000,189.740000,187.910000,188.240000,21404580
2019-10-08,187.010000,187.856200,185.270000,185.420000,33201939
2019-10-09,186.960000,188.080000,186.430000,187.230000,20829012
2019-10-10,187.250000,189.430000,187.120000,188.680000,26693780
2019-10-11,190.800000,192.630000,190.720000,191.110000,41428907
2019-10-14,190.820000,191.700000,190.645000,191.090000,15372774
2019-10-15,191.650000,193.970000,191.560000,193.520000,23735826
2019-10-16,192.880000,193.530000,192.430000,193.040000,20689207
2019-10-17,194.180000,194.500000,192.810000,193.550000,19161821
2019-10-18,193.260000,193.670000,190.705000,191.690000,27719069
2019-10-21,192.650000,193.520000,192.140000,193.390000,15868946
2019-10-22,194.060000,194.420000,191.790000,191.850000,22988988
2019-10-23,191.430000,192.258200,191.150000,192.220000,15198327
2019-10-24,193.620000,194.210000,192.740000,194.090000,19264220
2019-10-25,193.090000,195.740000,193.050000,195.640000,21507115
2019-10-28,196.570000,197.830000,196.550000,197.570000,18842303
2019-10-29,197.240000,197.535000,196.010000,196.040000,18569675
2019-10-30,196.420000,197.320000,195.290000,196.990000,21764311
2019-10-31,197.560000,197.650000,195.940000,197.080000,26801803
2019-11-01,197.930000,198.880000,197.630000,198.870000,22131875
2019-11-04,200.190000,200.525100,199.740000,200.100000,19015855
2019-11-05,200.350000,200.550000,199.550000,200.210000,15048864
2019-11-06,199.980000,200.000000,198.785000,199.760000,19725486
2019-11-07,200.760000,201.720000,199.850000,200.430000,17832355
2019-11-08,200.020000,201.250000,199.540000,201.230000,15272516
2019-11-11,200.230000,201.036300,199.940000,200.960000,10187222
2019-11-12,201.130000,202.210000,200.820000,201.540000,14778283
2019-11-13,200.840000,201.775000,200.710000,201.590000,16110341
2019-11-14,200.830000,201.560000,200.220000,201.430000,17055686
2019-11-15,202.610000,202.910000,202.000000,202.910000,18434519
2019-11-18,202.610000,203.390000,201.770000,203.070000,18408797
2019-11-19,203.840000,203.840000,202.590000,203.370000,16997568
2019-11-20,202.850000,203.450000,200.620000,202.150000,36706275
2019-11-21,201.940000,202.070000,201.070000,201.700000,17934353
2019-11-22,202.170000,202.320000,200.740000,201.830000,17197019
2019-11-25,202.670000,204.260000,202.670000,204.220000,17794718
2019-11-26,204.320000,204.870000,204.050000,204.610000,14812921
2019-11-27,205.130000,206.050000,204.890000,206.040000,17060233
2019-11-29,205.590000,205.830000,205.000000,205.100000,9854553
2019-12-02,205.110000,205.180000,201.780000,203.000000,28121020
2019-12-03,200.320000,201.490000,199.230000,201.410000,31425404
2019-12-04,202.490000,202.910000,202.140000,202.430000,15336754
2019-12-05,203.150000,203.150000,201.840000,202.830000,15038785
2019-12-06,204.250000,205.145000,204.150100,205.000000,16562247
2019-12-09,204.630000,205.593700,203.980000,204.070000,14032175
2019-12-10,204.170000,204.880000,203.440000,203.900000,21849714
2019-12-11,204.370000,205.190000,204.040000,204.980000,18897759
2019-12-12,204.770000,207.320000,204.491000,206.510000,32704625
2019-12-13,206.360000,207.910000,205.960000,207.190000,32534393
2019-12-16,208.500000,209.530000,208.480000,209.270000,21366177
2019-12-17,209.500000,209.710000,209.040000,209.390000,16034647
2019-12-18,209.600000,210.130000,209.330000,209.550000,15490828
2019-12-19,209.640000,210.930000,209.620000,210.860000,17892062
2019-12-20,211.810000,212.518600,211.270000,211.710000,27690934
2019-12-23,212.030000,212.150000,211.630000,211.810000,23798671
2019-12-24,211.970000,212.090000,211.440000,211.920000,7089020
2019-12-26,212.260000,213.810000,212.230000,213.790000,17159310
2019-12-27,214.550000,214.560000,213.040000,213.610000,18142239
2019-12-30,213.510000,213.630000,211.160000,212.210000,21829913
2019-12-31,211.620000,212.760000,211.200000,212.610000,18201585
2020-01-02,214.400000,216.160000,213.980000,216.160000,31014904
2020-01-03,213.290000,215.470000,213.280000,214.180000,27532657
2020-01-06,212.490000,215.590000,212.240000,215.560000,21726989
2020-01-07,215.640000,216.140000,214.850000,215.530000,23120994
2020-01-08,215.470000,218.140000,215.160000,217.150000,26464212
2020-01-09,218.910000,219.410000,217.712500,218.990000,23641291
2020-01-10,219.760000,219.870000,218.040000,218.430000,21914631
2020-01-13,219.310000,220.980000,218.980000,220.950000,22846102
2020-01-14,220.750000,221.210000,219.740000,220.080000,24573340
2020-01-15,220.180000,221.200000,219.450000,220.170000,25742084
2020-01-16,221.240000,222.320000,220.800000,222.280000,18804959
2020-01-17,223.240000,223.560000,222.122100,223.380000,24325167
2020-01-21,222.730000,223.840000,222.660000,223.280000,21146264
2020-01-22,224.380000,225.150000,223.590000,223.870000,20736403
2020-01-23,223.710000,224.690000,222.700000,224.590000,26496113
2020-01-24,225.620000,225.880000,221.670100,222.700000,37436483
2020-01-27,217.720000,219.284500,217.180000,218.100000,42264418
2020-01-28,219.600000,221.960000,219.060000,221.450000,26731876
2020-01-29,222.660000,222.930000,220.830000,221.810000,29063128
2020-01-30,220.370000,222.700000,219.689100,222.600000,39568093
2020-01-31,223.500000,223.560000,218.285000,219.070000,52015832
2020-02-03,220.140000,222.885000,219.990000,222.380000,25468307
2020-02-04,225.390000,227.860000,224.652300,227.470000,30691211
2020-02-05,230.220000,230.250000,226.850000,228.220000,38534817
2020-02-06,228.770000,230.250000,227.980000,230.190000,22467077
2020-02-07,229.160000,230.440000,228.540000,229.200000,25884933
2020-02-10,228.430000,231.980000,228.380000,231.970000,21478925
2020-02-11,233.210000,234.020000,231.399900,232.010000,30197983
2020-02-12,233.340000,234.380000,232.800000,234.270000,24471275
2020-02-13,232.620000,234.930000,232.360000,233.970000,22773159
2020-02-14,234.280000,234.860000,233.550100,234.640000,23438530
2020-02-18,233.470000,235.170000,233.250000,234.730000,24521242
2020-02-19,236.070000,237.470000,235.850000,236.980000,22230464
2020-02-20,236.460000,236.950000,231.880000,234.780000,42604016
2020-02-21,233.640000,234.010000,229.321100,230.270000,66058611
2020-02-24,221.840000,224.250000,220.260000,221.390000,84522551
2020-02-25,223.190000,223.987900,214.740000,215.370000,97742982
2020-02-26,216.670000,220.280000,214.900000,216.480000,80400053
2020-02-27,211.050000,214.370000,205.500000,205.640000,121822562
2020-02-28,198.920000,207.170000,198.170000,205.800000,149247073
2020-03-02,208.880000,216.570000,205.940000,216.420000,112933945
2020-03-03,217.110000,219.610000,207.620000,209.480000,131953546
2020-03-04,213.320000,218.330000,211.370000,218.220000,73086209
2020-03-05,212.690000,216.360000,210.100000,211.590000,78705458
2020-03-06,204.670000,209.150000,202.910000,208.020000,89828392
2020-03-09,193.480000,201.160000,192.110000,193.570000,116423986
2020-03-10,201.110000,204.300000,193.680200,204.110000,100599233
2020-03-11,199.350000,200.750000,192.730000,195.220000,89168783
2020-03-12,182.090000,190.780000,176.940000,177.320000,137820698
2020-03-13,187.070000,194.480000,178.130000,192.340000,134881981
2020-03-16,174.150000,184.680000,169.160000,169.300000,92054386
2020-03-17,175.470000,184.390000,169.780000,182.140000,121257108
2020-03-18,171.605000,179.220000,166.800000,176.600000,114156320
2020-03-19,175.690000,183.490000,171.630000,177.660000,120896481
2020-03-20,181.740000,182.870000,170.100000,170.700000,118983891
2020-03-23,170.920000,174.210000,164.930000,170.460000,124639782
2020-03-24,179.910000,183.830000,177.950000,183.660000,94881785
2020-03-25,184.420000,189.510000,179.980000,182.300000,88754909
2020-03-26,183.870000,192.720000,183.610000,191.900000,79887564
2020-03-27,186.930000,190.514900,184.660000,185.300000,58844975
2020-03-30,187.100000,192.490000,186.340600,192.040000,49356936
2020-03-31,191.530000,195.250000,189.200000,190.400000,62659265
2020-04-01,184.810000,187.660000,180.860000,182.310000,53715375
2020-04-02,181.590000,190.100000,180.970000,186.010000,56465348
2020-04-03,185.500000,187.071600,181.290000,183.370000,47487621
2020-04-06,190.380000,197.650000,189.190000,196.480000,64763518
2020-04-07,202.140000,202.660000,196.000000,196.400000,69904478
2020-04-08,198.083500,201.170000,196.370000,200.570000,45940439
2020-04-09,202.270000,203.220000,199.028100,200.860000,68323929
2020-04-13,199.920000,203.420000,198.750000,203.030000,42853948
2020-04-14,207.170000,212.500000,206.420000,211.860000,63959563
2020-04-15,208.480000,211.260000,207.120000,209.430000,47035953
2020-04-16,211.780000,214.369000,209.690000,213.250000,64657362
2020-04-17,215.960000,216.510000,212.080100,215.290000,62863223
2020-04-20,213.270000,215.880000,212.570000,212.740000,38249128
2020-04-21,210.630000,211.160000,203.630000,204.890000,72932771
2020-04-22,209.140000,212.350000,208.330000,210.970000,40188772
2020-04-23,211.800000,214.435000,210.095000,210.520000,43278542
2020-04-24,210.940000,214.300000,209.500000,213.840000,34303365
2020-04-27,216.180000,216.630000,214.500000,215.560000,36451698
2020-04-28,217.270000,217.320000,211.210000,211.500000,46862816
2020-04-29,216.210000,219.970000,215.140000,219.000000,48716406
2020-04-30,220.010000,220.040000,217.350000,218.910000,43359476
2020-05-01,214.540000,216.670000,211.680000,212.740000,48794968
2020-05-04,211.610000,215.450000,211.120000,215.220000,32841020
2020-05-05,217.400000,220.140000,216.850000,217.660000,37783075
2020-05-06,219.370000,221.040000,218.110000,219.000000,36455218
2020-05-07,221.750000,222.730000,220.420000,221.820000,38624836
2020-05-08,223.550000,225.000000,222.480000,224.860000,31964416
2020-05-11,223.500000,227.930000,223.250000,226.870000,35714128
2020-05-12,227.480000,228.095000,222.090000,222.120000,41054123
2020-05-13,222.650000,224.610000,216.710000,219.340000,65521208
2020-05-14,218.120000,221.870000,215.990000,221.830000,51549345
2020-05-15,218.770000,223.330000,218.330000,223.270000,55747208
2020-05-18,226.280000,228.680000,225.470000,227.430000,42597551
2020-05-19,227.660000,229.850000,226.710000,226.860000,36237303
2020-05-20,229.480000,231.760000,229.480000,231.390000,37417000
2020-05-21,231.490000,232.135000,228.340000,228.900000,43642908
2020-05-22,228.460000,229.870000,227.500000,229.660000,28762389
2020-05-26,233.440000,233.570000,228.790000,229.040000,33055346
2020-05-27,228.510000,230.410000,223.940000,230.290000,55665565
2020-05-28,229.050000,233.470000,229.050000,229.990000,43008478
2020-05-29,230.430000,233.600000,228.760000,233.360000,50878596
2020-06-01,232.400000,234.450000,232.000000,234.060000,26140125
2020-06-02,234.420000,235.690000,232.010000,235.630000,33383415
2020-06-03,236.230000,237.470000,235.350000,236.690000,37228701
2020-06-04,236.320000,237.790000,233.680000,235.030000,38716097
2020-06-05,236.060000,240.297000,235.630000,239.690000,47365569
2020-06-08,239.540000,241.680000,237.910000,241.550000,32937305
2020-06-09,240.660000,244.180000,240.470000,243.300000,35046254
2020-06-10,245.000000,247.815000,244.510000,246.220000,58084410
2020-06-11,242.290000,243.590000,233.960000,234.020000,72919442
2020-06-12,239.090000,240.400000,231.740000,235.880000,72034787
2020-06-15,232.440000,239.450000,231.470000,238.750000,45307371
2020-06-16,243.780000,244.390000,239.100000,242.850000,48890095
2020-06-17,244.400000,245.500000,242.730000,243.620000,34749268
2020-06-18,243.290000,244.530000,242.490000,244.280000,30578648
2020-06-19,246.740000,247.000000,242.450000,244.240000,49422112
2020-06-22,243.770000,246.870000,243.380000,246.740000,24068676
2020-06-23,248.390000,251.150000,247.820000,248.840000,32767370
2020-06-24,247.990000,249.325000,242.160000,243.710000,46032376
2020-06-25,243.910000,246.340000,241.140000,246.030000,36940811
2020-06-26,245.750000,245.960000,239.680000,240.220000,52824554
2020-06-29,239.980000,242.850000,237.350000,242.840000,34377800
2020-06-30,242.770000,248.160000,242.580000,247.600000,38909219
2020-07-01,247.660000,251.520000,247.080200,250.490000,34689213
2020-07-02,252.970000,254.270000,251.710000,252.190000,31956497
2020-07-06,255.460000,258.928000,255.430000,258.390000,34589049
2020-07-07,258.100000,260.880000,256.300000,256.610000,36578191
2020-07-08,258.000000,260.020000,256.500000,259.990000,30426273
2020-07-09,261.890000,262.870000,257.630000,262.180000,40312906
2020-07-10,262.000000,264.230000,259.260000,263.970000,32885298
2020-07-13,266.870000,269.790000,257.690000,258.540000,64108090
2020-07-14,256.070000,260.790000,252.760000,260.370000,72230512
2020-07-15,261.680000,262.690000,257.490000,260.900000,54523869
2020-07-16,257.970000,259.780000,255.620000,259.120000,47594111
2020-07-17,259.710000,260.310000,257.170000,259.420000,35137871
2020-07-20,260.120000,267.430000,258.790000,266.780000,40610128
2020-07-21,268.410000,268.410000,263.125000,264.000000,43442967
2020-07-22,264.460000,265.890000,262.550000,264.930000,29865519
2020-07-23,264.550000,265.240000,256.550000,258.010000,51363538
2020-07-24,254.120000,256.930000,251.320000,255.560000,54054536
2020-07-27,257.360000,260.520000,256.445000,260.120000,36445741
2020-07-28,259.330000,259.850000,256.510000,256.810000,31302390
2020-07-29,258.330000,260.660000,257.910000,259.770000,27556884
2020-07-30,257.780000,261.710000,256.550000,261.130000,41774456
2020-07-31,265.830000,265.950000,260.850000,265.790000,53756159
2020-08-03,268.050000,270.150000,267.870000,269.380000,32081566
2020-08-04,268.740000,270.480000,268.090000,270.380000,24911286
2020-08-05,270.830000,271.520000,269.960000,271.050000,21685921
2020-08-06,270.780000,274.980000,270.190000,274.640000,28048224
2020-08-07,274.040000,274.881800,269.245000,271.470000,44969356
2020-08-10,271.740000,271.980000,266.670000,270.310000,35088373
2020-08-11,269.100000,270.440000,264.630000,265.190000,43104323
2020-08-12,267.370000,272.840000,267.370000,271.860000,38894272
2020-08-13,272.640000,274.830000,271.510000,272.480000,31895717
2020-08-14,273.010000,273.400000,270.720000,272.160000,30799494
2020-08-17,273.910000,275.840000,273.740000,275.320000,24802966
2020-08-18,276.410000,278.465000,274.910000,277.970000,23529498
2020-08-19,277.930000,279.020000,275.570000,276.100000,31999359
2020-08-20,275.300000,280.430000,274.860000,279.930000,27723379
2020-08-21,280.070000,282.340000,279.461000,281.870000,34748934
2020-08-24,285.060000,286.000000,281.270000,283.630000,36418533
2020-08-25,282.780000,286.060000,282.370000,285.860000,34866586
2020-08-26,287.110000,292.220000,286.965000,291.960000,42216690
2020-08-27,293.080000,293.851000,288.705000,291.050000,49482715
2020-08-28,292.270000,293.180000,290.930000,292.530000,28021022
2020-08-31,293.160000,296.745000,292.620000,294.880000,36321027
2020-09-01,297.600000,300.040000,295.790000,299.920000,36395774
2020-09-02,303.260000,303.500000,296.890000,302.760000,50836767
2020-09-03,298.200000,298.620000,284.410000,287.410000,110083282
2020-09-04,285.760000,288.930000,271.800000,283.580000,123958978
2020-09-08,272.270000,278.220000,269.660000,269.950000,99568645
2020-09-09,275.540000,280.045000,273.000000,277.880000,64837872
2020-09-10,280.970000,282.195000,270.560000,272.340000,69667462
2020-09-11,274.330000,275.220000,266.900000,270.450000,71809014
2020-09-14,274.280000,277.220000,272.960000,275.160000,38525194
2020-09-15,278.900000,280.450000,277.260000,279.060000,41849926
2020-09-16,279.770000,280.360000,274.250000,274.610000,42435626
2020-09-17,267.520000,272.370000,266.680000,270.320000,81570844
2020-09-18,271.620000,272.090000,262.630000,266.870000,86251117
2020-09-21,262.520000,267.650000,260.110000,267.510000,57168570
2020-09-22,270.050000,273.080000,266.540000,272.480000,41128886
2020-09-23,272.150000,272.340000,263.250200,264.160000,48837270
2020-09-24,261.580000,268.700000,261.220000,265.390000,70631704
2020-09-25,265.820000,272.395000,264.299900,271.560000,55242376
2020-09-28,276.615000,277.200000,273.854800,277.200000,58438286
2020-09-29,276.720000,277.710000,275.371900,275.950000,27178921
2020-09-30,276.090000,281.090000,275.880000,277.840000,49380802
2020-10-01,281.790000,282.879400,279.840000,282.250000,50020223
2020-10-02,276.010000,279.779800,273.440000,274.310000,75497391
2020-10-05,276.340000,280.490000,276.230000,280.160000,28184581
2020-10-06,279.290000,281.190000,274.250000,275.160000,49704236
2020-10-07,277.830000,280.740000,277.280000,279.920000,27539663
2020-10-08,282.320000,282.470000,280.310000,281.410000,25443287
2020-10-09,283.090000,285.790000,282.710000,285.710000,30201144
2020-10-12,290.600000,297.460000,289.470000,294.530000,79370657
2020-10-13,296.340000,297.049600,293.110000,294.520000,64240031
2020-10-14,295.320000,296.350000,290.260000,292.060000,37181227
2020-10-15,287.250000,290.710000,286.540000,290.100000,42514177
2020-10-16,291.800000,293.269000,288.150000,288.510000,40570702
2020-10-19,290.490000,291.480000,282.790000,283.800000,36756754
2020-10-20,284.560000,287.620000,282.950000,284.410000,32195361
2020-10-21,284.670000,287.320000,283.690000,284.190000,29306137
2020-10-22,285.050000,285.980000,280.820000,284.180000,32196162
2020-10-23,284.790000,284.910000,281.781800,284.740000,24658542
2020-10-26,282.320000,285.300000,276.760000,280.470000,38421094
2020-10-27,281.420000,283.505000,280.200000,282.660000,30559123
2020-10-28,278.130000,278.640100,271.380000,271.640000,53413523
2020-10-29,273.040000,279.490000,272.520000,276.390000,43246302
2020-10-30,274.375000,275.240000,267.070000,269.380000,65935893
2020-11-02,271.730000,273.520000,266.970000,269.980000,39987409
2020-11-03,271.860000,276.820000,270.840000,274.650000,43604145
2020-11-04,283.560000,288.770000,281.870000,286.910000,75728206
2020-11-05,293.410000,295.390000,292.000000,294.390000,52054186
2020-11-06,293.580000,295.360000,289.830000,294.610000,40959764
2020-11-09,297.310000,299.140000,288.120000,288.590000,86537071
2020-11-10,285.260000,286.659900,280.620000,283.420000,69024878
2020-11-11,285.920000,290.250000,285.530000,289.760000,36102931
2020-11-12,290.720000,292.074000,287.250000,288.400000,34516826
2020-11-13,290.010000,291.570000,287.870100,290.930000,24880582
2020-11-16,290.680000,293.510000,289.990000,293.200000,30168361
2020-11-17,293.400000,293.740000,291.610000,292.270000,21843463
2020-11-18,291.700000,293.370000,290.020000,290.110000,28069619
2020-11-19,289.480000,292.700000,288.850000,292.380000,22718422
2020-11-20,292.300000,293.065000,290.290000,290.380000,25907308
2020-11-23,291.410000,292.750000,288.070000,290.390000,26875588
2020-11-24,291.490000,294.980000,289.630000,294.470000,24516791
2020-11-25,295.440000,296.940000,294.590000,296.280000,23326826
2020-11-27,298.290000,300.170000,297.900000,299.010000,17163115
2020-11-30,299.300000,299.970000,294.780000,299.620000,27836232
2020-12-01,301.870000,305.140000,300.830000,303.460000,27642640
2020-12-02,302.220000,304.195000,300.350000,303.850000,23620003
2020-12-03,304.070000,305.880000,303.531000,304.280000,22828727
2020-12-04,304.330000,305.670000,303.630000,305.520000,19332081
2020-12-07,305.710000,307.630000,305.520000,307.250000,20850969
2020-12-08,306.760000,308.600000,304.950000,308.290000,18341464
2020-12-09,308.070000,308.360000,300.210000,301.310000,48839306
2020-12-10,299.210000,303.680000,298.090000,302.520000,27519544
2020-12-11,300.810000,301.980000,298.470000,301.850000,26760416
2020-12-14,303.080000,306.050000,303.010000,304.040000,28804832
2020-12-15,306.370000,307.290000,304.110000,307.290000,25790455
2020-12-16,307.700000,309.785000,306.621000,308.980000,25461890
2020-12-17,310.630000,311.240000,309.390000,311.000000,23730524
2020-12-18,311.660000,311.980000,307.610000,310.060000,41173392
2020-12-21,306.460000,309.470000,303.600000,308.920000,37095480
2020-12-22,309.850000,310.710500,306.845000,309.760000,26378343
2020-12-23,309.810000,310.180000,308.035000,308.200000,21201280
2020-12-24,308.470000,310.020000,308.390000,309.560000,16784997
2020-12-28,312.250000,313.170000,310.360000,312.680000,22497745
2020-12-29,314.050000,314.685000,312.030000,312.960000,25871925
2020-12-30,314.160000,314.490000,312.330000,312.970000,18138071
2020-12-31,312.870000,314.240000,311.760000,313.740000,21611412
2021-01-04,315.110000,315.290000,305.180000,309.310000,45305898
2021-01-05,308.290000,312.140000,308.290000,311.860000,29323409
2021-01-06,307.000000,311.880000,305.980000,307.540000,52809622
2021-01-07,310.280000,315.840000,310.250000,314.980000,30394826
2021-01-08,317.340000,319.390000,315.081400,319.030000,33955847
2021-01-11,315.980000,317.190000,313.750000,314.420000,32869095
2021-01-12,314.460000,315.580000,311.200000,313.920000,29266762
2021-01-13,314.190000,316.860000,313.570000,316.040000,22898417
2021-01-14,316.500000,317.530000,313.861600,314.350000,23500129
2021-01-15,314.130000,315.120000,310.580000,311.860000,35118718
2021-01-19,314.250000,316.930000,313.120000,316.410000,24537049
2021-01-20,320.140000,324.740000,319.770000,323.770000,30728096
2021-01-21,325.150000,327.130000,323.730000,326.360000,25316935
2021-01-22,325.290000,326.460000,324.710000,325.420000,21609444
2021-01-25,328.910000,330.320000,321.410000,328.110000,39080644
2021-01-26,328.850000,329.760000,327.220000,328.590000,25498112
2021-01-27,326.260000,326.270000,317.360000,319.430000,55263985
2021-01-28,320.670000,326.420000,320.030000,321.320000,42836324
2021-01-29,319.580000,320.719300,312.760000,314.560000,55259018
2021-02-01,318.110000,323.540000,316.020000,322.420000,35646008
2021-02-02,325.480000,328.870000,325.310000,327.680000,33930844
2021-02-03,329.820000,330.195000,326.320000,326.380000,24824518
2021-02-04,327.820000,330.330000,326.460000,330.240000,22350947
2021-02-05,331.220000,332.402500,329.530000,331.360000,22731960
2021-02-08,333.100000,333.740000,331.410000,333.580000,20462812
2021-02-09,332.620000,334.810000,332.610000,333.510000,17597478
2021-02-10,334.990000,335.460000,329.500000,332.750000,28068700
2021-02-11,334.330000,335.000000,332.120000,334.580000,22046071
2021-02-12,333.710000,336.620000,332.630000,336.450000,20346819
2021-02-16,337.270000,338.190000,334.340000,335.540000,27080777
2021-02-17,332.470000,334.210000,330.170000,333.930000,31467456
2021-02-18,330.230000,333.209000,328.360000,332.470000,32236240
2021-02-19,333.860000,333.990000,329.970000,331.020000,39157677
2021-02-22,331.020000,331.020000,322.230000,322.440000,47256944
2021-02-23,317.000000,323.200000,311.000000,321.480000,97241936
2021-02-24,318.740000,324.450000,315.960000,324.130000,58206272
2021-02-25,321.390000,324.030000,311.240000,312.830000,110182582
2021-02-26,315.850000,319.110000,310.880000,314.140000,104739841
2021-03-01,319.270000,323.940000,317.935000,323.590000,49164518
2021-03-02,324.250000,324.330000,318.140000,318.400000,48370034
2021-03-03,317.270000,318.240000,309.100000,309.160000,86301073
2021-03-04,308.780000,312.040000,300.110000,304.100000,139131582
2021-03-05,306.795000,309.609000,297.450000,308.680000,121523726
2021-03-08,308.120000,310.060000,299.510000,299.940000,88409781
2021-03-09,307.470000,313.730000,306.920000,311.770000,80391114
2021-03-10,316.160000,316.470000,310.170000,310.880000,76798065
2021-03-11,315.770000,319.860000,314.850000,318.040000,53484804
2021-03-12,313.860000,315.619900,311.391000,315.460000,69315601
2021-03-15,315.790000,319.000000,314.095000,318.830000,43123176
2021-03-16,321.090000,324.200000,319.100000,320.580000,54925896
2021-03-17,317.450000,323.850000,315.680000,321.900000,78258729
2021-03-18,316.870000,317.880100,311.570000,312.040000,82942269
2021-03-19,311.870000,314.730000,309.660100,313.140000,78446204
2021-03-22,315.210000,320.740000,315.210000,318.610000,56194755
2021-03-23,319.730000,321.090000,316.375000,317.220000,53455411
2021-03-24,318.630000,318.670000,311.720000,311.870000,64803729
2021-03-25,309.968000,312.885000,307.389900,311.330000,78729008
2021-03-26,311.110000,316.330000,309.670000,316.000000,63519634
2021-03-29,315.450000,316.990000,312.470000,315.910000,54607963
2021-03-30,313.890000,314.910000,311.540000,314.320000,44635676
2021-03-31,316.160000,320.740000,315.810000,319.130000,55032535
2021-04-01,323.070000,324.710000,322.810000,324.570000,55685602
2021-04-05,327.130000,331.840000,326.880000,331.050000,42172475
2021-04-06,330.730000,332.830000,330.020000,330.820000,33537210
2021-04-07,330.330000,332.480000,329.370000,331.620000,32046381
2021-04-08,334.560000,335.270000,333.739900,335.080000,29940799
2021-04-09,333.680000,337.320000,332.920000,337.110000,36664892
2021-04-12,336.040000,337.100000,334.730000,336.670000,25833013
2021-04-13,338.240000,341.080000,338.020000,340.600000,30374033
2021-04-14,340.850000,340.980000,335.670000,336.510000,42564337
2021-04-15,339.470000,342.010000,339.330000,341.610000,36342821
2021-04-16,342.150000,342.230000,340.080000,342.010000,40860099
2021-04-19,340.390000,341.580000,336.901600,338.880000,34533129
2021-04-20,338.200000,339.520000,334.381600,336.410000,38081818
2021-04-21,335.090000,339.480000,333.970000,339.290000,36598082
2021-04-22,338.890000,339.900000,334.010000,335.200000,45936143
2021-04-23,335.850000,340.767000,335.850000,339.420000,36414916
2021-04-26,339.670000,341.920000,338.900000,341.630000,30811968
2021-04-27,341.930000,342.150000,339.170000,340.150000,33187183
2021-04-28,339.810000,340.850000,338.330100,339.000000,33615696
2021-04-29,342.370000,342.800000,336.900100,340.220000,37708884
2021-04-30,337.700000,340.260000,337.050000,337.990000,38263421
2021-05-03,339.230000,340.000000,335.730000,336.190000,29729730
2021-05-04,333.560000,333.890000,326.210000,330.140000,65146972
2021-05-05,332.250000,333.140000,328.230000,329.030000,46219307
2021-05-06,328.760000,331.670000,326.450000,331.510000,46814283
2021-05-07,334.370000,336.650000,333.100000,334.200000,53324460
2021-05-10,332.780000,332.960000,325.550000,325.760000,60700462
2021-05-11,319.700000,326.129900,319.020000,325.310000,71963612
2021-05-12,320.230000,322.620000,316.000000,316.890000,91164855
2021-05-13,319.920000,322.400000,316.900000,319.340000,69877765
2021-05-14,322.600000,327.330000,322.080000,326.390000,44370015
2021-05-17,324.630000,325.350000,321.450000,324.410000,39394997
2021-05-18,325.390000,326.650000,321.940000,322.220000,36528454
2021-05-19,316.660000,322.900000,316.300000,322.590000,66319108
2021-05-20,324.120000,329.710000,323.890000,328.830000,46466135
2021-05-21,330.430000,330.860000,326.640000,327.010000,50330449
2021-05-24,329.370000,333.670000,329.000000,332.510000,32475771
2021-05-25,334.070000,334.810000,331.755000,332.970000,31280314
2021-05-26,333.660000,334.610000,332.950000,334.130000,25444932
2021-05-27,333.670000,334.540000,332.670000,332.880000,27931747
2021-05-28,334.120000,335.569900,333.600000,333.930000,29927449
2021-06-01,335.300000,335.785000,331.430000,332.820000,31145424
2021-06-02,333.250000,334.340000,331.695000,333.470000,22047940
2021-06-03,330.550000,331.860000,328.280000,330.000000,37057825
2021-06-04,331.850000,336.058200,331.780000,335.600000,38736545
2021-06-07,335.050000,336.660000,334.340000,336.600000,32611852
2021-06-08,338.395000,339.290000,335.030000,336.760000,27282819
2021-06-09,338.170000,338.970000,336.651000,336.840000,21485319
2021-06-10,337.190000,340.460000,336.730000,340.350000,33702067
2021-06-11,340.360000,341.250000,339.690000,341.240000,21222830
2021-06-14,341.680000,344.520000,340.460000,344.510000,27827716
2021-06-15,344.150000,344.470000,341.520000,342.260000,35963780
2021-06-16,342.740000,343.840000,337.450000,341.010000,55399538
2021-06-17,339.970000,346.380000,339.920000,345.340000,59722700
2021-06-18,343.630000,344.808200,341.860000,342.630000,55414862
2021-06-21,342.430000,344.690000,340.150000,344.360000,32992649
2021-06-22,344.150000,348.030000,343.840000,347.570000,28941626
2021-06-23,347.510000,348.920000,346.880000,347.740000,27188454
2021-06-24,349.730000,351.460000,349.170000,349.890000,32581605
2021-06-25,350.470000,350.720000,348.840000,349.460000,28682801
2021-06-28,350.780000,353.850000,350.720000,353.710000,39130305
2021-06-29,353.530000,355.019900,352.670000,354.990000,29426039
2021-06-30,354.830000,355.230000,353.830000,354.430000,32723964
2021-07-01,354.070000,355.090000,352.680000,354.570000,29289978
2021-07-02,356.520000,358.970000,356.280000,358.640000,32727244
2021-07-06,359.260000,360.480000,356.490000,360.190000,38842397
2021-07-07,362.450000,362.760000,358.940000,360.950000,35265242
2021-07-08,355.740000,359.650000,354.420000,358.770000,50890021
2021-07-09,358.170000,361.500000,357.570000,361.010000,35184534
2021-07-12,362.450000,362.890000,360.830000,362.420000,25717677
2021-07-13,362.030000,365.465000,361.540000,362.420000,39723015
2021-07-14,364.830000,365.490000,362.220000,363.070000,35336350
2021-07-15,362.980000,363.190000,358.460000,360.520000,53391557
2021-07-16,361.400000,362.410000,357.240000,357.600000,47261961
2021-07-19,354.050000,355.180000,352.040000,354.670000,64404625
2021-07-20,355.630000,360.280000,353.800000,358.790000,42183702
2021-07-21,358.350000,361.560000,358.120000,361.560000,30259860
2021-07-22,361.770000,363.960000,361.770000,363.950000,30252240
2021-07-23,365.310000,368.485000,364.040000,368.200000,31960799
2021-07-26,367.490000,368.890000,366.601000,368.490000,28438126
2021-07-27,368.220000,368.220000,360.160000,364.430000,57933148
2021-07-28,365.600000,367.450000,363.240000,365.830000,42066195
2021-07-29,365.250000,367.679400,365.250000,366.480000,25672533
2021-07-30,362.440000,365.170000,362.410000,364.570000,36484649
2021-08-02,366.280000,366.880000,363.870000,364.600000,27334097
2021-08-03,365.280000,366.930000,362.000000,366.810000,35558511
2021-08-04,366.770000,368.320000,365.630000,367.340000,29602236
2021-08-05,368.180000,369.910000,367.450000,369.670000,21443925
2021-08-06,368.370000,369.370000,366.905000,368.050000,33332107
2021-08-09,368.520000,369.270000,367.390000,368.730000,25960245
2021-08-10,369.260000,369.560000,365.620000,366.840000,35130796
2021-08-11,368.140000,368.650000,364.840000,366.210000,34249812
2021-08-12,365.690000,367.900000,364.295000,367.530000,26003877
2021-08-13,367.890000,369.160000,367.380000,368.820000,19336190
2021-08-16,367.670000,369.020000,363.700000,368.980000,35044107
2021-08-17,366.150000,367.150000,363.230000,365.730000,44793902
2021-08-18,365.180000,366.620000,361.865000,362.210000,38541940
2021-08-19,360.220000,365.680000,359.960000,363.960000,48499368
2021-08-20,365.060000,368.140000,364.740000,367.730000,39486034
2021-08-23,368.800000,373.935000,368.790000,373.230000,34034744
2021-08-24,373.840000,374.990000,373.360000,374.370000,21732913
2021-08-25,374.630000,375.390000,373.855000,374.800000,20441880
2021-08-26,373.920000,374.620000,371.970000,372.420000,29133325
2021-08-27,373.070000,376.560000,372.570000,376.040000,27104749
2021-08-30,376.850000,380.760000,376.830000,380.260000,27295665
2021-08-31,380.510000,380.579000,378.360000,379.950000,29628175
2021-09-01,381.040000,382.710000,380.370000,380.580000,28138311
2021-09-02,381.970000,382.310000,379.150000,380.400000,25503535
2021-09-03,379.220000,381.980000,379.200300,381.570000,24624937
2021-09-07,381.680000,382.778000,380.488200,382.110000,23970203
2021-09-08,381.930000,381.930000,378.450000,380.780000,32949159
2021-09-09,381.010000,382.150000,379.220000,379.470000,29398978
2021-09-10,381.230000,381.970000,376.245000,376.590000,40249405
2021-09-13,378.990000,379.430000,374.220000,376.330000,48741781
2021-09-14,377.860000,378.610000,374.280000,375.260000,41826624
2021-09-15,375.730000,378.410000,373.370000,378.050000,34097865
2021-09-16,376.680000,378.900000,374.695000,378.310000,35193083
2021-09-17,377.820000,377.870000,372.760000,373.830000,60912267
2021-09-20,367.460000,369.250000,360.930000,365.700000,76203202
2021-09-21,367.580000,368.810000,364.990000,366.150000,41927483
2021-09-22,367.090000,371.070000,365.958400,369.570000,46972920
2021-09-23,370.760000,374.040000,370.099000,372.980000,44652002
2021-09-24,370.650000,373.760000,370.270000,373.330000,36056800
2021-09-27,370.200000,371.251600,367.730000,370.350000,43338079
2021-09-28,365.670000,366.360000,359.350000,359.870000,97701632
2021-09-29,361.170000,363.370000,358.635000,359.280000,58076621
2021-09-30,360.970000,362.680000,357.100000,357.960000,61384577
2021-10-01,358.600000,361.250000,354.380000,360.180000,56375488
2021-10-04,358.520000,358.860000,350.320000,352.620000,76766005
2021-10-05,353.710000,359.690000,353.480000,357.380000,47232904
2021-10-06,354.080000,359.950000,353.150000,359.670000,56806536
2021-10-07,362.800000,365.690000,362.250000,362.970000,39411172
2021-10-08,364.080000,364.316600,360.610000,361.160000,41822309
2021-10-11,359.580000,363.200000,358.300000,358.390000,34847182
2021-10-12,359.880000,360.330000,356.480000,357.140000,43905101
2021-10-13,359.510000,360.690000,357.430000,360.000000,40120795
2021-10-14,363.690000,366.850000,363.010000,366.630000,43433867
2021-10-15,367.880000,369.060000,366.820000,368.940000,40419878
2021-10-18,367.610000,372.870000,366.990000,372.650000,34513514
2021-10-19,373.750000,375.520000,373.050000,375.470000,29090963
2021-10-20,375.940000,376.565000,373.460000,374.980000,31390338
2021-10-21,374.160000,377.470000,373.850000,377.270000,25469277
2021-10-22,375.980000,376.970000,372.385000,374.100000,36275822
2021-10-25,375.560000,378.870000,373.560000,377.930000,32597804
2021-10-26,380.230000,382.710000,377.905000,379.120000,47191279
2021-10-27,379.580000,383.150000,379.310000,380.000000,45760496
2021-10-28,381.950000,384.480000,381.155000,384.220000,38007005
2021-10-29,381.060000,386.280000,380.700000,386.110000,37310116
2021-11-01,386.560000,387.560000,384.420000,387.430000,30765303
2021-11-02,386.800000,389.540000,386.750000,389.050000,25135292
2021-11-03,389.550000,393.610000,388.480000,393.180000,33748901
2021-11-04,394.480000,399.200000,393.920000,398.220000,40265313
2021-11-05,400.040000,400.990000,397.160000,398.600000,43383802
2021-11-08,398.570000,399.620000,397.400000,398.060000,29256270
2021-11-09,399.160000,399.570000,393.920000,395.320000,50490720
2021-11-10,392.470000,395.360000,387.530000,389.510000,54937385
2021-11-11,392.570000,392.750000,390.240000,390.590000,32242983
2021-11-12,391.770000,395.250000,390.130000,394.700000,34730564
2021-11-15,395.910000,396.240000,392.095000,394.610000,33716861
2021-11-16,393.860000,397.930000,393.660000,397.420000,27872940
2021-11-17,397.750000,399.719600,396.640000,397.630000,28703263
2021-11-18,399.730000,402.270000,397.450000,401.750000,45721515
2021-11-19,403.430000,405.300000,402.580000,403.990000,45191721
2021-11-22,405.570000,408.710000,399.190000,399.300000,61715370
2021-11-23,398.110000,400.230000,392.920000,397.480000,70098736
2021-11-24,394.930000,399.050000,392.540000,398.760000,46954382
2021-11-26,396.110000,397.540000,389.770000,391.200000,51533314
2021-11-29,395.890000,400.730000,395.140000,399.690000,54447106
2021-11-30,398.780000,401.190000,391.750000,393.820000,81332693
2021-12-01,398.280000,400.480000,386.640000,387.120000,78379245
2021-12-02,385.800000,391.740000,384.340000,389.910000,84416623
2021-12-03,391.310000,392.340000,378.900000,383.130000,105349104
2021-12-06,383.630000,387.600000,379.300000,386.200000,67588801
2021-12-07,393.030000,398.460000,392.990000,397.830000,56005264
2021-12-08,398.170000,399.820000,396.220000,399.610000,39204041
2021-12-09,398.350000,400.200000,393.529900,393.730000,49973714
2021-12-10,396.620000,398.280000,393.360000,398.010000,52545767
2021-12-13,398.000000,398.325000,391.880000,392.260000,50166410
2021-12-14,387.300000,390.090000,382.240000,388.200000,75199181
2021-12-15,387.940000,397.419800,383.880000,397.050000,73858028
2021-12-16,398.040000,398.475000,385.210000,386.840000,82591368
2021-12-17,383.330000,389.190000,381.770000,384.910000,81642848
2021-12-20,379.565000,381.500000,377.470000,380.690000,65336827
2021-12-21,384.050000,389.530000,380.201000,389.210000,48899477
2021-12-22,388.910000,394.160000,388.230000,393.950000,37042200
2021-12-23,394.310000,398.425000,394.140000,396.920000,29595536
2021-12-27,398.250000,403.480000,398.219400,403.480000,32820705
2021-12-28,404.400000,404.580000,400.710000,401.610000,33113728
2021-12-29,401.750000,403.050000,399.110000,401.550000,32248484
2021-12-30,401.330000,403.569900,399.750000,400.350000,23850065
2021-12-31,399.660000,401.058900,397.340000,397.850000,34752884
2022-01-03,399.050000,401.940000,396.880000,401.680000,40575854
2022-01-04,402.240000,402.280000,393.288000,396.470000,58027206
2022-01-05,394.740000,395.890000,384.030000,384.290000,75739847
2022-01-06,382.420000,387.350000,380.130000,384.020000,70814324
2022-01-07,384.030000,385.760000,378.040000,379.860000,72652304
2022-01-10,374.820000,380.640000,369.310000,380.110000,91770497
2022-01-11,379.355000,385.989900,377.218200,385.820000,68295698
2022-01-12,388.460000,390.200000,385.010000,387.350000,54576366
2022-01-13,388.770000,389.470000,376.700000,377.660000,77993962
2022-01-14,375.070000,380.350000,374.860000,380.010000,80121210
2022-01-18,374.040000,376.220000,369.770400,370.550000,75812296
2022-01-19,372.150000,374.690000,366.210000,366.480000,81791482
2022-01-20,369.790000,373.870000,361.170000,361.720000,88610680
2022-01-21,359.470000,362.180000,351.400000,351.690000,143388920
2022-01-24,345.905000,353.980000,334.150000,353.300000,199448109
2022-01-25,346.670000,351.029500,341.680000,345.110000,124398394
2022-01-26,352.910000,356.880000,340.780000,344.570000,146559524
2022-01-27,349.400000,351.270000,340.050000,341.100000,95255656
2022-01-28,343.030000,352.020000,337.950000,351.800000,108167897
2022-01-31,353.200000,363.650000,351.520000,363.050000,94326389
2022-02-01,364.430000,366.190000,359.140000,365.520000,74433023
2022-02-02,369.760000,370.100000,364.285000,368.490000,78777135
2022-02-03,358.530000,361.930000,352.460000,353.550000,95384771
2022-02-04,354.080000,361.400000,351.970000,358.010000,86318301
2022-02-07,358.620000,361.050000,353.840000,355.130000,58198087
2022-02-08,353.960000,360.240000,352.800000,359.120000,64720897
2022-02-09,363.760000,366.810000,362.120000,366.730000,55766422
2022-02-10,359.520000,366.488500,356.540000,358.430000,112468483
2022-02-11,358.430000,360.070000,345.800000,347.060000,101569102
2022-02-14,346.490000,350.980000,343.890000,347.490000,80254439
2022-02-15,347.490000,356.370000,347.490000,356.130000,55390805
2022-02-16,353.820000,357.089600,350.710000,356.040000,58947086
2022-02-17,352.740000,353.460000,345.020000,345.450000,61801353
2022-02-18,346.410000,346.810000,339.140000,341.510000,80001513
2022-02-22,338.490000,344.040000,334.350000,338.080000,85967095
2022-02-23,341.320000,342.183000,329.100000,329.420000,86215371
2022-02-24,318.840000,341.040000,318.260000,340.490000,130614053
2022-02-25,341.310000,345.980000,337.390000,345.770000,78842088
2022-02-28,342.510000,348.540000,341.320000,346.800000,77515544
2022-03-01,345.750000,348.078000,338.900000,341.490000,67407000
2022-03-02,343.080000,348.590000,340.240000,347.220000,70609015
2022-03-03,349.930000,350.040000,340.350000,342.260000,71089385
2022-03-04,339.840000,341.310000,334.920000,337.300000,77009763
2022-03-07,337.290000,338.480000,324.650000,324.860000,89933794
2022-03-08,324.050000,333.210000,319.940000,323.350000,116153921
2022-03-09,331.750000,336.380000,329.090000,334.990000,64723366
2022-03-10,330.820000,332.510000,326.710000,331.270000,69362714
2022-03-11,334.320000,334.640000,323.900000,324.400000,66228432
2022-03-14,323.130000,326.590000,317.450000,318.170000,79802606
2022-03-15,320.880000,328.950000,319.230000,328.150000,76470991
2022-03-16,332.170000,340.440000,328.401000,340.320000,105242954
2022-03-17,338.370000,344.500000,337.040600,344.440000,67809951
2022-03-18,342.740000,351.790000,341.550000,351.490000,85446347
2022-03-21,350.200000,352.480000,345.575000,350.080000,73799072
2022-03-22,350.590000,357.850000,350.200000,356.960000,63345928
2022-03-23,354.010000,357.660000,351.770000,351.830000,70615457
2022-03-24,353.800000,359.700000,351.593900,359.650000,53555251
2022-03-25,359.590000,360.670000,354.943800,359.350000,57584158
2022-03-28,359.340000,365.010000,358.070000,364.910000,56833866
2022-03-29,368.900000,371.830000,366.060000,371.190000,68072955
2022-03-30,369.275000,370.980000,365.570000,367.090000,68757710
2022-03-31,367.240000,367.600000,361.680000,362.540000,67011405
2022-04-01,362.810000,363.610000,358.590000,361.850000,54527761
2022-04-04,362.710000,369.310000,362.440000,369.300000,45950171
2022-04-05,367.810000,368.540000,359.930000,361.100000,62738661
2022-04-06,355.650000,356.780000,350.560000,353.260000,90077072
2022-04-07,352.240000,356.350000,348.690000,354.100000,63777373
2022-04-08,352.320000,353.090000,348.500000,349.150000,61956094
2022-04-11,344.810000,345.750000,340.535000,340.890000,66107401
2022-04-12,345.760000,347.690000,338.035000,339.450000,72790215
2022-04-13,339.800000,347.430000,339.060000,346.350000,61367755
2022-04-14,346.440000,346.970000,338.210000,338.430000,73519367
2022-04-18,337.350000,341.040000,335.791000,338.690000,58560555
2022-04-19,338.030000,346.850000,336.980000,346.260000,56515684
2022-04-20,347.090000,347.560000,339.960000,341.210000,65500022
2022-04-21,345.190000,347.870000,333.200000,334.150000,75801008
2022-04-22,334.310000,335.560000,324.960000,325.400000,82562145
2022-04-25,323.730000,329.900000,322.430000,329.580000,101755856
2022-04-26,327.470000,327.660000,316.855000,317.140000,105819629
2022-04-27,317.240000,322.880000,315.000000,316.760000,111204164
2022-04-28,321.850000,329.890000,317.520000,328.010000,99449957
2022-04-29,323.700000,327.225000,312.600000,313.250000,91977859
2022-05-02,312.830000,318.720000,309.645000,318.480000,115511770
2022-05-03,318.500000,321.170000,315.980000,318.820000,78185527
2022-05-04,319.310000,330.290000,313.891000,329.600000,116083395
2022-05-05,325.170000,325.250000,309.620000,313.000000,154607447
2022-05-06,310.950000,315.090000,305.105000,309.250000,139572805
2022-05-09,303.480000,306.000000,295.720000,297.150000,113387342
2022-05-10,304.510000,305.760000,296.570000,300.760000,124124550
2022-05-11,298.440000,304.090000,290.950000,291.840000,140326148
2022-05-12,287.450000,295.750000,284.940000,291.150000,120910850
2022-05-13,295.720000,302.999000,294.082500,301.940000,83684931
2022-05-16,300.150000,302.260000,297.130000,298.440000,59190432
2022-05-17,304.450000,306.560000,300.550000,306.170000,62715293
2022-05-18,301.540000,302.250000,289.850000,291.140000,79477109
2022-05-19,289.290000,294.390000,287.580000,289.580000,79920709
2022-05-20,293.130000,293.800000,280.210000,288.680000,91764174
2022-05-23,289.750000,293.870000,287.290000,293.480000,63648400
2022-05-24,288.125000,288.860000,282.250000,287.240000,73491124
2022-05-25,285.710000,293.390000,285.500000,291.260000,67144548
2022-05-26,290.440000,300.920000,290.150000,299.330000,59462231
2022-05-27,302.540000,309.250000,302.420000,309.100000,66985596
2022-05-31,309.070000,311.330000,304.330000,308.280000,60968330
2022-06-01,310.470000,312.650000,303.730000,306.000000,65341653
2022-06-02,304.850000,314.560000,303.400100,314.380000,59291333
2022-06-03,309.030000,310.470000,304.920000,306.200000,60914684
2022-06-06,310.750000,312.350000,305.620000,307.220000,51785013
2022-06-07,303.810000,310.670000,302.688600,309.870000,44900292
2022-06-08,309.050000,311.720000,306.770000,307.640000,38342062
2022-06-09,305.910000,309.050000,299.230000,299.400000,55900475
2022-06-10,293.650000,294.870000,288.384000,288.840000,85963456
2022-06-13,279.750000,282.340000,274.530000,275.410000,94442009
2022-06-14,277.660000,278.660000,273.337500,275.910000,64697521
2022-06-15,279.415000,286.830000,276.610000,282.800000,86051428
2022-06-16,275.590000,276.060000,269.280000,271.390000,81910297
2022-06-17,272.180000,277.190000,270.511900,274.690000,82703402
2022-06-21,278.750000,283.450000,278.640000,281.080000,51633741
2022-06-22,278.520000,285.180000,277.910000,280.670000,67472924
2022-06-23,283.210000,285.720000,280.310000,284.850000,57457796
2022-06-24,287.740000,295.040000,287.500100,294.610000,58422262
2022-06-27,296.000000,296.579900,291.290000,292.450000,54151452
2022-06-28,293.000000,295.650000,283.350000,283.540000,61867060
2022-06-29,283.400000,285.340000,280.840000,283.800000,57302726
2022-06-30,280.750000,283.890000,275.780000,280.280000,79313580
2022-07-01,278.950000,282.530000,277.030000,282.130000,56675107
2022-07-05,278.310000,287.080000,276.750100,286.960000,61829272
2022-07-06,287.350000,290.950000,285.590000,288.800000,63194715
2022-07-07,289.630000,295.700000,289.630000,294.980000,56620114
2022-07-08,292.080000,296.750000,291.120000,295.350000,59895478
2022-07-11,292.880000,293.110000,288.140000,289.040000,55273920
2022-07-12,290.320000,292.280000,284.610000,286.240000,55797088
2022-07-13,280.600000,288.050000,280.020000,285.650000,73939418
2022-07-14,282.990000,287.560000,279.800000,286.670000,63741837
2022-07-15,289.730000,291.980000,288.080000,291.870000,63818149
2022-07-18,294.720000,296.160000,288.200000,289.400000,59519581
2022-07-19,293.110000,298.600000,291.470000,298.300000,55172640
2022-07-20,298.730000,304.240000,297.932900,303.030000,67769430
2022-07-21,303.500000,307.435000,300.780000,307.380000,55049363
2022-07-22,306.430000,308.550000,300.115000,301.990000,57127715
2022-07-25,302.020000,302.500000,298.220000,300.270000,40582381
2022-07-26,298.530000,298.790000,293.540000,294.370000,50074122
2022-07-27,299.040000,308.540000,298.460000,306.810000,69304364
2022-07-28,306.590000,310.396500,302.745000,309.810000,55139941
2022-07-29,311.385000,316.390000,309.931000,315.460000,57501043
2022-08-01,313.650000,318.810000,312.530000,315.270000,46358833
2022-08-02,312.920000,318.545000,311.840100,314.330000,48676501
2022-08-03,316.050000,323.729100,315.990000,322.890000,53735729
2022-08-04,322.970000,324.720000,320.770000,324.400000,38973659
2022-08-05,319.190000,323.830000,318.390000,321.750000,53893972
2022-08-08,322.690000,326.470000,319.210000,320.710000,44066297
2022-08-09,318.770000,319.030000,315.420000,317.080000,39764220
2022-08-10,324.590000,326.230000,322.060100,325.930000,51459564
2022-08-11,328.305000,330.360000,323.360000,324.080000,45897650
2022-08-12,326.175000,330.585000,325.100100,330.390000,40928379
2022-08-15,329.420000,333.565200,329.400000,333.060000,38266614
2022-08-16,332.055000,334.420900,329.160000,332.280000,41186864
2022-08-17,329.070000,331.430000,326.360000,328.490000,47842155
2022-08-18,328.440000,330.490000,326.790000,329.280000,41937172
2022-08-19,326.170000,326.840000,322.080000,322.860000,51770570
2022-08-22,318.500000,318.740000,313.530000,314.360000,51098890
2022-08-23,314.120000,317.000000,313.330000,314.100000,39497074
2022-08-24,313.610000,316.870000,312.990000,315.010000,38057059
2022-08-25,316.830000,320.600000,315.757700,320.580000,38098255
2022-08-26,320.280000,321.510000,307.350000,307.440000,69047740
2022-08-29,304.620000,307.220000,303.280000,304.410000,48321851
2022-08-30,306.100000,306.730000,298.440000,301.020000,51184500
2022-08-31,303.990000,304.910000,299.160000,299.270000,50044041
2022-09-01,296.720000,299.780000,292.950000,299.400000,57990745
2022-09-02,302.340000,303.750000,293.520000,295.170000,64666839
2022-09-06,295.660000,296.600000,290.870000,293.050000,57005444
2022-09-07,293.540000,299.990000,293.270000,298.970000,49260381
2022-09-08,296.850000,301.870000,295.450000,300.520000,55649821
2022-09-09,302.830000,307.600000,302.790000,307.090000,56125215
2022-09-12,308.500000,311.080000,308.180000,310.740000,45905737
2022-09-13,301.800000,303.020000,292.785000,293.700000,79562172
2022-09-14,294.865000,296.930000,293.060000,296.030000,54907198
2022-09-15,294.070000,296.530000,289.460000,291.100000,65299411
2022-09-16,287.720000,289.720000,285.620000,289.320000,79920391
2022-09-19,286.100000,291.210000,286.040000,291.050000,52613831
2022-09-20,288.490000,291.070000,286.380000,288.730000,51271117
2022-09-21,289.590000,293.950000,283.420000,283.560000,82930963
2022-09-22,282.000000,283.030000,278.815000,280.070000,62757073
2022-09-23,277.550000,277.850000,272.020000,275.510000,74815189
2022-09-26,275.030000,279.490000,273.560000,274.370000,71176694
2022-09-27,277.810000,280.210000,272.110000,274.480000,69780115
2022-09-28,274.460000,281.250000,272.945000,279.940000,79652140
2022-09-29,275.860000,276.250000,268.840000,271.870000,81215957
2022-09-30,271.030000,275.190000,267.100000,267.260000,78482378
2022-10-03,269.070000,275.160000,267.530000,273.530000,61267449
2022-10-04,278.990000,282.850000,278.990000,282.130000,66696931
2022-10-05,278.280000,283.810000,275.420000,281.980000,55766318
2022-10-06,280.960000,284.180000,279.430000,279.760000,53489411
2022-10-07,275.020000,275.150000,267.740000,269.100000,71354674
2022-10-10,269.300000,269.700000,263.640000,266.410000,60392990
2022-10-11,264.700000,267.630000,261.030000,262.750000,66522509
2022-10-12,263.400000,265.360000,261.950000,262.660000,50580179
2022-10-13,255.160000,270.170000,254.260000,268.820000,112894068
2022-10-14,271.200000,271.810000,260.140000,260.740000,77244302
2022-10-17,266.840000,270.240000,266.740000,269.350000,64576452
2022-10-18,276.530000,277.210000,268.740000,271.480000,69780995
2022-10-19,269.930000,273.680000,268.070000,270.490000,53115405
2022-10-20,269.580000,274.840000,267.920000,269.110000,60605496
2022-10-21,267.980000,275.969000,266.823600,275.420000,77897694
2022-10-24,275.690000,279.400000,271.970000,278.450000,63963569
2022-10-25,279.410000,284.600000,277.900000,284.210000,59014494
2022-10-26,278.460000,283.980000,277.430000,277.930000,63898246
2022-10-27,276.790000,278.279500,272.340000,272.870000,57760302
2022-10-28,272.230000,281.698000,272.060000,281.220000,62651312
2022-10-31,278.920000,279.760000,275.990000,277.950000,47741952
2022-11-01,281.495000,282.070000,274.740000,275.110000,45895897
2022-11-02,275.080000,278.210000,265.610000,265.680000,79803142
2022-11-03,263.010000,264.500000,260.100000,260.490000,70038903
2022-11-04,265.530000,266.610000,259.080000,264.680000,78313213
2022-11-07,265.750000,268.140000,263.570000,267.590000,47333828
2022-11-08,269.140000,272.850000,265.520000,269.540000,63213785
2022-11-09,267.760000,268.560000,263.030000,263.320000,64862129
2022-11-10,276.010000,283.050000,273.850000,282.750000,99256693
2022-11-11,282.560000,288.640000,281.190000,287.960000,66961751
2022-11-14,285.860000,289.215000,284.440000,285.440000,55080048
2022-11-15,292.210000,293.260000,285.970000,289.390000,73985372
2022-11-16,287.390000,287.735000,284.600000,285.440000,48859804
2022-11-17,280.880000,286.318900,280.720000,284.810000,55462076
2022-11-18,287.890000,287.990000,282.321100,284.820000,53588631
2022-11-21,283.400000,284.580000,281.040000,281.890000,40083527
2022-11-22,282.640000,286.110000,280.460000,285.950000,41873444
2022-11-23,285.970000,289.460000,285.790000,288.820000,46389967
2022-11-25,287.190000,287.910000,286.420000,286.920000,15498797
2022-11-28,284.900000,286.960000,281.760000,282.710000,38877045
2022-11-29,282.940000,283.350000,279.170000,280.570000,35618878
2022-11-30,280.840000,293.470000,279.970000,293.360000,74718088
2022-12-01,293.690000,295.750000,290.880000,293.720000,51547332
2022-12-02,288.540000,293.450000,288.360000,292.550000,53583172
2022-12-05,290.380000,291.680000,286.150000,287.640000,41482121
2022-12-06,287.480000,287.620000,280.255000,281.680000,53937605
2022-12-07,280.470000,282.570000,278.780100,280.530000,45614254
2022-12-08,281.910000,284.840000,279.790000,283.850000,42594913
2022-12-09,282.810000,285.640000,281.590000,282.040000,47860487
2022-12-12,282.220000,285.640000,281.160000,285.580000,35732518
2022-12-13,296.650000,296.875000,285.910000,288.650000,80667675
2022-12-14,288.050000,291.410000,283.190000,286.510000,64984432
2022-12-15,282.330000,283.010000,275.670000,276.890000,60554119
2022-12-16,276.200000,277.770000,272.610000,274.250000,68300351
2022-12-19,273.870000,273.960000,268.490000,269.750000,44167920
2022-12-20,268.560000,271.320000,266.950000,269.540000,51064199
2022-12-21,270.600000,274.780000,269.740000,273.450000,46394694
2022-12-22,270.380000,270.514900,262.455000,266.760000,60278377
2022-12-23,265.470000,268.040000,263.530000,267.360000,39373584
2022-12-27,266.740000,266.850000,263.030000,263.580000,38009005
2022-12-28,263.170000,265.470000,259.730000,260.100000,47139043
2022-12-29,262.960000,267.405000,262.250000,266.440000,45893567
2022-12-30,263.620000,266.410000,262.290000,266.280000,37858277
2023-01-03,268.650000,270.155000,262.130000,264.480000,42335325
2023-01-04,266.640000,267.450000,262.530000,265.740000,47754861
2023-01-05,264.040000,264.210000,261.260000,261.580000,45396744
2023-01-06,263.350000,269.940000,260.340000,268.800000,54659739
2023-01-09,270.830000,275.290000,269.920000,270.540000,45568676
2023-01-10,269.490000,272.940000,268.970000,272.830000,35247763
2023-01-11,273.920000,277.660000,273.120000,277.550000,44077036
2023-01-12,278.120000,280.100000,273.740000,279.050000,60599953
2023-01-13,276.500000,281.219000,276.160000,280.970000,44802936
2023-01-17,280.770000,282.850000,279.581000,281.540000,36269738
2023-01-18,283.110000,284.690000,277.670000,277.880000,47754549
2023-01-19,276.220000,277.375000,273.890000,275.150000,44150436
2023-01-20,276.790000,283.020000,275.710000,282.680000,60613606
2023-01-23,283.540000,290.210000,282.730000,288.960000,52799905
2023-01-24,287.310000,289.550000,286.780000,288.370000,44875146
2023-01-25,283.770000,288.360000,281.180000,287.730000,50872022
2023-01-26,291.220000,293.520000,288.519000,293.340000,51596335
2023-01-27,292.000000,298.260000,291.880000,296.260000,56441939
2023-01-30,292.930000,294.380000,289.890000,290.270000,49405833
2023-01-31,290.310000,294.720000,290.200000,294.620000,46705106
2023-02-01,294.410000,303.430000,292.300000,300.920000,67562173
2023-02-02,307.570000,313.680000,306.730000,311.720000,83070628
2023-02-03,304.940000,312.390000,304.540000,306.180000,76170804
2023-02-06,303.510000,305.910000,302.220000,303.590000,40802348
2023-02-07,303.460000,311.030000,302.320000,309.880000,67583981
2023-02-08,308.540000,309.500000,303.670000,304.370000,56720860
2023-02-09,308.840000,308.990000,300.200000,301.680000,49137818
2023-02-10,299.480000,301.570000,297.250000,299.700000,50050104
2023-02-13,301.130000,305.100000,299.930000,304.500000,39636720
2023-02-14,302.890000,307.720000,300.910000,306.750000,64079057
2023-02-15,304.900000,309.270000,304.200000,309.100000,43427298
2023-02-16,304.380000,308.430000,303.150000,303.300000,59498630
2023-02-17,301.070000,301.930000,298.100000,301.160000,58230729
2023-02-21,297.260000,298.730000,293.890000,294.030000,46526708
2023-02-22,294.620000,296.359900,292.560000,294.250000,51389237
2023-02-23,297.970000,298.130000,292.550000,296.820000,69294443
2023-02-24,291.760000,292.970000,290.050000,291.850000,74331958
2023-02-27,295.070000,296.490000,293.340000,293.940000,48995009
2023-02-28,293.300000,296.124000,292.960000,293.560000,48243141
2023-03-01,293.260000,293.930000,290.200000,291.200000,58286972
2023-03-02,288.660000,294.430000,288.370000,293.610000,53738557
2023-03-03,295.390000,299.920000,294.870000,299.680000,60511540
2023-03-06,300.940000,304.000000,299.820000,300.020000,56736294
2023-03-07,300.070000,301.010000,295.720000,296.340000,65955756
2023-03-08,296.770000,298.430000,294.880000,297.820000,50876265
2023-03-09,298.330000,300.980000,291.829900,292.660000,71456691
2023-03-10,292.830000,294.350000,287.380000,288.550000,98593561
2023-03-13,286.730000,294.470000,285.190000,290.690000,97123603
2023-03-14,294.310000,297.930000,293.450000,297.370000,73602545
2023-03-15,294.710000,299.270000,293.240000,298.930000,83631535
2023-03-16,298.000000,307.180000,297.190000,306.810000,98556824
2023-03-17,306.720000,309.150000,303.370000,305.360000,89923732
2023-03-20,304.260000,306.300000,302.010000,305.970000,56359491
2023-03-21,307.940000,310.800000,306.395000,310.340000,49757048
2023-03-22,310.270000,315.250000,305.950000,306.120000,75791914
2023-03-23,309.920000,314.150000,307.010000,309.750000,74575981
2023-03-24,309.320000,310.990000,306.950000,310.890000,57245803
2023-03-27,311.600000,312.700000,307.890000,308.760000,50287407
2023-03-28,308.170000,308.200000,304.774000,307.120000,48585917
2023-03-29,310.880000,313.350000,310.050000,312.720000,53274266
2023-03-30,315.240000,316.320000,313.930000,315.680000,58354808
2023-03-31,315.910000,321.170000,315.600000,320.930000,62138097
2023-04-03,318.770000,320.420000,317.420100,320.150000,47126839
2023-04-04,320.600000,321.630000,317.825100,319.070000,45875384
2023-04-05,318.100000,318.310000,314.070000,315.920000,62795706
2023-04-06,314.240000,318.550000,312.820000,318.050000,46916496
2023-04-10,315.070000,317.920000,313.250000,317.870000,45134736
2023-04-11,317.830000,317.890000,315.310000,315.830000,40113594
2023-04-12,317.820000,318.420000,312.565000,313.040000,62813305
2023-04-13,314.830000,319.650000,313.630000,319.170000,54613792
2023-04-14,317.590000,320.360000,315.610000,318.570000,56278284
2023-04-17,318.150000,319.199900,316.040000,318.840000,43007023
2023-04-18,320.990000,321.420000,317.640000,318.860000,46746940
2023-04-19,316.410000,319.790000,316.280000,318.710000,38960127
2023-04-20,315.690000,319.270000,314.970000,316.280000,62462142
2023-04-21,315.910000,317.400000,314.100000,316.610000,59002285
2023-04-24,316.380000,317.739100,313.740000,315.950000,44043063
2023-04-25,314.290000,314.970000,309.890000,309.990000,57121644
2023-04-26,313.440000,314.935000,311.340000,311.870000,55400496
2023-04-27,315.700000,320.860000,315.050000,320.350000,65430392
2023-04-28,320.110000,322.650000,318.960000,322.560000,59712635
2023-05-01,322.090000,323.630000,321.090000,322.190000,41013386
2023-05-02,322.120000,322.450000,317.610000,319.380000,56519407
2023-05-03,319.750000,322.470000,317.180000,317.290000,59882070
2023-05-04,317.060000,318.230000,315.115000,316.170000,50224520
2023-05-05,318.470000,323.760000,318.100000,322.890000,51806098
2023-05-08,322.420000,324.040000,321.315000,323.690000,36465796
2023-05-09,322.000000,322.880000,321.320000,321.640000,31768800
2023-05-10,324.120000,326.010000,321.600000,325.140000,60446623
2023-05-11,325.700000,326.750000,324.120000,326.200000,44278548
2023-05-12,326.740000,327.170000,322.940000,325.030000,48432836
2023-05-15,325.510000,327.030000,323.960000,326.790000,33375559
2023-05-16,326.060000,328.902500,326.020000,327.160000,40019151
2023-05-17,328.240000,331.710000,327.040000,331.120000,47486124
2023-05-18,331.520000,337.490000,331.500000,337.270000,64213466
2023-05-19,337.490000,338.205000,335.430000,336.510000,61554926
2023-05-22,336.250000,338.670000,336.240000,337.640000,43015948
2023-05-23,335.890000,337.060000,333.000000,333.360000,48216663
2023-05-24,331.370000,332.905000,329.560000,331.650000,62891169
2023-05-25,339.140000,341.010000,336.665000,339.720000,66862773
2023-05-26,340.760000,349.245000,340.660000,348.400000,63006952
2023-05-30,352.710000,353.930000,348.530000,349.980000,72652156
2023-05-31,348.370000,350.600000,346.510000,347.990000,65105378
2023-06-01,347.730000,353.360000,346.660000,352.010000,50488601
2023-06-02,353.800000,355.830000,352.010000,354.650000,53372113
2023-06-05,354.430000,357.495000,353.850000,354.900000,47266228
2023-06-06,354.280000,355.820000,352.930000,354.840000,41390400
2023-06-07,355.130000,357.120000,348.180000,348.820000,69225936
2023-06-08,349.120000,353.620000,348.890000,353.150000,47153922
2023-06-09,354.630000,357.660000,353.030000,354.500000,53196927
2023-06-12,356.190000,360.590000,355.200000,360.490000,44817646
2023-06-13,363.290000,364.110000,360.030000,363.260000,57097804
2023-06-14,363.270000,366.190000,360.420000,365.900000,69525642
2023-06-15,364.610000,371.770000,363.980000,370.260000,71138823
2023-06-16,372.720000,372.850000,367.480000,367.930000,80931971
2023-06-20,365.950000,368.320000,363.889900,366.900000,49204722
2023-06-21,365.740000,366.180000,360.960000,361.900000,53378256
2023-06-22,360.630000,366.330000,360.220000,366.170000,47603043
2023-06-23,362.210000,364.880000,360.822700,362.540000,48922911
2023-06-26,362.000000,364.840000,357.590000,357.680000,52685478
2023-06-27,359.250000,364.570000,358.510000,363.830000,49428091
2023-06-28,361.980000,366.520000,361.903800,364.540000,46498031
2023-06-29,364.240000,364.890000,362.140000,363.810000,46150967
2023-06-30,367.550000,370.490000,367.230000,369.420000,58712501
2023-07-03,370.070000,370.930000,368.970000,370.290000,19432862
2023-07-05,368.695000,372.010000,368.660000,370.280000,34460883
2023-07-06,366.510000,367.910000,364.520000,367.460000,49374728
2023-07-07,367.230000,370.480000,366.010000,366.240000,47133749
2023-07-10,365.960000,367.050000,363.410000,366.360000,48498800
2023-07-11,366.790000,368.632000,364.620000,368.170000,38214146
2023-07-12,372.340000,374.190000,370.300000,372.820000,61703696
2023-07-13,376.050000,379.990000,375.460000,379.150000,46960012
2023-07-14,379.585000,382.860000,378.180000,379.070000,55148500
2023-07-17,379.800000,383.500000,379.310000,382.610000,40868915
2023-07-18,381.960000,387.130000,380.000000,385.740000,55343438
2023-07-19,386.820000,387.980000,384.300000,385.650000,54092958
2023-07-20,382.610000,384.095000,375.720000,376.760000,71941674
2023-07-21,379.180000,379.920000,375.191000,375.630000,60499643
2023-07-24,376.620000,377.580000,374.340000,376.230000,40380056
2023-07-25,376.950000,380.470000,376.930000,378.780000,38894384
2023-07-26,377.720000,379.240000,375.180000,377.520000,47075710
2023-07-27,383.070000,384.710000,375.310000,376.620000,63940225
2023-07-28,380.740000,384.520000,380.220000,383.480000,56902926
2023-07-31,383.790000,384.880000,382.340000,383.680000,44019905
2023-08-01,382.310000,383.560000,380.690000,382.790000,41308457
2023-08-02,379.260000,379.260000,373.130000,374.390000,72687107
2023-08-03,371.940000,375.950000,371.770000,373.790000,47855381
2023-08-04,375.750000,378.100000,371.530000,372.040000,61702759
2023-08-07,373.880000,375.290000,371.510000,375.190000,37230444
2023-08-08,372.640000,372.660000,368.820000,372.000000,44726453
2023-08-09,372.290000,372.450000,367.140000,367.910000,51150900
2023-08-10,370.970000,374.360000,367.035000,368.590000,72035265
2023-08-11,365.990000,368.000000,364.690000,366.240000,48707187
2023-08-14,365.430000,370.470000,364.700000,370.350000,42130802
2023-08-15,369.360000,370.169000,365.740000,366.420000,45539891
2023-08-16,365.870000,367.430000,362.440000,362.540000,53190525
2023-08-17,363.960000,364.310000,358.160000,358.580000,61746142
2023-08-18,355.260000,359.410000,354.710000,358.130000,61191389
2023-08-21,359.620000,364.590000,359.150000,363.900000,50696518
2023-08-22,366.550000,366.560000,362.680000,363.380000,44613509
2023-08-23,364.580000,370.220000,364.360000,369.110000,51770603
2023-08-24,372.640000,372.740000,361.010000,361.220000,66842491
2023-08-25,362.070000,365.740000,358.580000,364.020000,69960465
2023-08-28,366.990000,367.710000,364.250000,366.760000,40910019
2023-08-29,366.560000,375.130000,366.231000,374.770000,58492371
2023-08-30,374.880000,377.446700,373.860000,376.860000,41731511
2023-08-31,376.940000,379.719000,376.870000,377.990000,35730701
2023-09-01,380.400000,380.830000,376.080100,377.590000,39801177
2023-09-05,376.770000,379.309300,375.830000,378.070000,32344222
2023-09-06,377.280000,377.630000,372.700000,374.740000,42998735
2023-09-07,370.210000,372.850000,369.150000,372.060000,52060716
2023-09-08,372.010000,374.850000,371.600000,372.580000,35847359
2023-09-11,372.580000,377.490000,372.580000,376.970000,39936634
2023-09-12,375.270000,376.675000,372.500000,372.790000,41391024
2023-09-13,373.030000,375.840000,371.880000,374.210000,46300677
2023-09-14,375.990000,378.270000,373.890000,377.270000,48039388
2023-09-15,375.910000,376.320000,369.860000,370.810000,69811206
2023-09-18,370.271150,371.790000,369.030000,370.660000,36903545
2023-09-19,369.320000,370.630000,366.800000,369.870000,37621734
2023-09-20,370.950000,371.310000,364.460000,364.540000,45514189
2023-09-21,360.800000,361.600000,357.690000,357.860000,69734845
2023-09-22,359.630000,361.800000,357.590000,357.910000,51589689
2023-09-25,356.930000,359.700000,355.930000,359.610000,39167985
2023-09-26,356.990000,357.540000,353.210100,354.210000,53657748
2023-09-27,355.380000,356.980000,351.360000,355.040000,56065972
2023-09-28,354.110000,360.170000,353.240000,358.010000,56453312
2023-09-29,361.540000,362.950000,357.020000,358.270000,64829616
2023-10-02,358.540000,362.680000,357.920000,361.260000,51625054
2023-10-03,358.780000,361.010000,353.275000,354.920000,60478489
2023-10-04,355.770000,360.610000,355.300000,359.750000,54786686
2023-10-05,359.740000,360.150000,355.140000,358.690000,45897390
2023-10-06,355.650000,365.910000,354.850000,364.700000,75049119
2023-10-09,362.300000,367.110000,360.780000,366.560000,45304766
2023-10-10,366.900000,371.280000,366.390000,368.590000,46968806
2023-10-11,369.940000,371.412000,368.190000,371.220000,38215088
2023-10-12,371.730000,373.740000,367.500000,369.930000,49587942
2023-10-13,370.570000,371.160000,363.860000,365.280000,52519876
2023-10-16,366.620000,370.480000,366.470000,369.410000,44201059
2023-10-17,365.810000,369.920000,363.660000,368.200000,50999102
2023-10-18,365.670000,367.910000,362.020000,363.370000,54280490
2023-10-19,364.810000,366.020000,359.160000,359.970000,72274238
2023-10-20,359.460000,360.040000,354.370000,354.600000,72559723
2023-10-23,353.260000,359.260000,351.119900,355.670000,60665185
2023-10-24,357.510000,359.910000,355.790000,359.130000,47082078
2023-10-25,356.700000,356.880000,349.750000,350.340000,71190536
2023-10-26,349.120000,350.070000,342.350000,343.660000,78621425
2023-10-27,346.430000,348.840000,344.080000,345.310000,63476707
2023-10-30,347.830000,350.540000,346.450000,349.200000,55298536
2023-10-31,349.230000,351.250000,346.620000,350.870000,47671906
2023-11-01,351.720000,357.529800,351.620000,356.960000,58992666
2023-11-02,361.540000,363.680000,360.300000,363.440000,58162442
2023-11-03,364.750000,369.020000,364.520000,367.710000,53280457
2023-11-06,368.490000,369.780000,366.910000,369.210000,38848743
2023-11-07,370.270000,373.580000,369.045000,372.700000,50777398
2023-11-08,373.080000,373.790000,370.620000,372.940000,35663373
2023-11-09,372.940000,374.800000,369.570000,370.070000,53859421
2023-11-10,371.820000,378.540000,371.280000,378.390000,58368439
2023-11-13,376.790000,378.280000,375.240000,377.210000,40733505
2023-11-14,383.710000,386.260000,383.180000,385.330000,67792634
2023-11-15,387.250000,387.750000,384.235000,385.620000,54141385
2023-11-16,384.840000,386.190000,383.560000,385.950000,45343544
2023-11-17,385.210000,387.070000,384.290000,386.040000,46622745
2023-11-20,386.050000,391.410000,386.050000,390.740000,44536669
2023-11-21,389.010000,389.230000,386.700000,388.470000,43336989
2023-11-22,390.570000,393.070000,389.040000,390.060000,44178572
2023-11-24,389.650000,390.250000,388.500000,389.510000,15718832
2023-11-27,389.010000,391.149900,388.280000,389.170000,34139656
2023-11-28,388.410000,390.780000,388.050000,390.190000,35491123
2023-11-29,392.690000,394.140000,389.460000,389.810000,38811745
2023-11-30,390.080000,390.550000,385.820000,388.830000,52834381
2023-12-01,387.750000,390.540000,386.072600,389.940000,40490068
2023-12-04,386.090000,386.595000,382.660000,386.320000,51186944
2023-12-05,384.390000,388.500000,384.210000,387.290000,42932956
2023-12-06,390.270000,390.370000,384.700000,385.050000,41994072
2023-12-07,388.070000,391.270000,386.960000,390.430000,49593545
2023-12-08,388.670000,392.620000,388.480100,392.170000,46687525
2023-12-11,391.740000,395.790000,391.530000,395.520000,41198021
2023-12-12,395.560000,398.790000,394.410000,398.670000,39221152
2023-12-13,399.620000,404.360000,398.839900,403.740000,55408129
2023-12-14,404.980000,406.300000,400.340000,403.390000,55447808
2023-12-15,404.180000,406.539900,403.570000,405.340000,62896645
2023-12-18,404.531740,407.990000,404.531740,407.080000,46609985
2023-12-19,407.540000,409.280000,407.345000,409.160000,35711855
2023-12-20,408.350000,410.469900,402.900000,403.080000,54042443
2023-12-21,407.060000,408.140000,404.470000,407.770000,45568914
2023-12-22,409.000000,409.970000,406.478700,408.380000,34314003
2023-12-26,409.250000,411.560000,409.150000,410.880000,22722545
2023-12-27,410.664288,411.787500,410.080000,411.500000,31980481
2023-12-28,412.670000,412.920000,410.940000,411.300000,27029152
2023-12-29,411.280000,411.640000,407.580000,409.520000,42662120
2024-01-02,405.840000,406.090000,400.240000,402.590000,58026946
2024-01-03,399.930000,401.000000,397.890000,398.330000,47002803
2024-01-04,396.440000,399.590000,396.060000,396.280000,39432797
2024-01-05,396.450000,399.560000,395.340000,396.750000,44922810
2024-01-08,397.990000,405.240000,397.839900,404.950000,42473796
2024-01-09,401.910000,406.690000,401.710000,405.750000,39132860
2024-01-10,406.070000,409.515000,405.170000,408.500000,33962774
2024-01-11,409.790000,411.200400,404.242000,409.350000,54536198
2024-01-12,410.400000,411.250000,408.150000,409.560000,39594952
2024-01-16,408.310000,411.120000,406.830000,409.520000,43903027
2024-01-17,406.170000,407.585000,402.920000,407.210000,54385974
2024-01-18,410.520000,413.575000,409.160100,412.990000,59562505
2024-01-19,415.220000,421.340000,414.625000,421.180000,70325123
2024-01-22,423.410000,424.727500,421.120000,421.730000,44880639
2024-01-23,422.430000,423.700000,420.570000,423.480000,33003806
2024-01-24,427.440000,429.850000,425.330000,425.830000,46948016
2024-01-25,428.360000,429.040000,423.980000,426.350000,44367205
2024-01-26,424.440000,426.210000,423.150000,423.810000,37137028
2024-01-29,424.270000,428.350000,423.610000,428.150000,38694724
2024-01-30,427.100000,427.680000,424.380000,425.300000,36738956
2024-01-31,420.850000,422.869900,416.790000,416.970000,64010649
2024-02-01,418.790000,422.375000,417.810000,421.880000,51008622
2024-02-02,423.800000,430.240000,422.790000,429.010000,59602435
2024-02-05,429.070000,429.610000,425.000000,428.450000,39889209
2024-02-06,429.610000,430.220000,425.220000,427.590000,35846134
2024-02-07,430.410000,432.830000,429.090000,431.990000,37712661
2024-02-08,432.110000,433.560000,431.420000,432.790000,29889892
2024-02-09,433.940000,437.845000,433.140100,437.050000,36943905
2024-02-12,436.940000,439.140000,434.650000,435.340000,33203305
2024-02-13,427.280000,431.270000,425.330500,428.550000,64491669
2024-02-14,431.260000,433.650000,428.879900,433.220000,45092722
2024-02-15,433.920000,434.980000,431.330000,434.510000,38796137
2024-02-16,434.890000,434.990000,429.850000,430.570000,53716475
2024-02-20,428.550000,430.080000,423.500000,427.320000,53999452
2024-02-21,424.550000,425.700000,421.630000,425.610000,50179697
2024-02-22,434.490000,439.120000,433.710000,438.070000,53887751
2024-02-23,439.650000,440.590000,435.790000,436.780000,39853861
2024-02-26,437.600000,438.600000,436.355000,436.550000,33043238
2024-02-27,437.670000,437.990000,435.025000,437.600000,33713220
2024-02-28,435.430000,436.670000,434.300000,435.270000,32938821
2024-02-29,438.230000,440.090000,435.020000,439.000000,42495152
2024-03-01,439.900000,446.580000,439.840000,445.610000,43853029
2024-03-04,445.610000,446.040000,443.770000,444.020000,34325687
2024-03-05,440.940000,440.950000,433.650000,436.050000,57917135
2024-03-06,440.320000,441.990000,436.890000,438.790000,46234460
2024-03-07,442.420000,446.720000,440.860000,445.450000,44526666
2024-03-08,445.810000,448.640000,438.340000,439.020000,72095957
2024-03-11,437.510000,438.660000,435.440000,437.390000,45859992
2024-03-12,439.730000,444.020000,436.460000,443.660000,55300909
2024-03-13,442.650000,442.670000,439.120000,440.250000,37928691
2024-03-14,441.500000,442.030000,436.390000,439.180000,52195208
2024-03-15,436.070000,438.873300,432.741700,433.920000,73069824
2024-03-18,438.730000,441.040000,437.240000,437.480000,47323802
2024-03-19,435.450000,438.980000,433.330000,438.570000,43004105
2024-03-20,439.780000,444.110000,438.060000,443.770000,43653490
2024-03-21,448.880000,449.340000,445.670000,445.870000,39345652
2024-03-22,445.350000,447.490000,444.490000,446.380000,28253899
2024-03-25,443.550000,446.260000,442.540000,444.760000,27789154
2024-03-26,446.300000,447.225000,443.090000,443.320000,34142043
2024-03-27,446.440000,446.540000,441.930000,444.830000,41359240
2024-03-28,444.780000,445.640000,443.650000,444.010000,36839641
2024-04-01,444.970000,447.530000,443.020000,444.950000,38728951
2024-04-02,440.080000,441.430000,438.030000,441.110000,44259665
2024-04-03,438.960000,444.000000,438.950000,442.100000,39949750
2024-04-04,446.330000,446.950000,435.110000,435.340000,57267660
2024-04-05,436.780000,443.170000,435.960000,440.490000,54744634
2024-04-08,441.410000,442.500000,439.200000,440.600000,28144944
2024-04-09,442.960000,443.240000,437.440000,442.230000,39521568
2024-04-10,437.000000,439.240000,436.280000,438.370000,61502191
2024-04-11,440.260000,446.330000,437.960000,445.370000,45474550
2024-04-12,441.100000,442.240000,436.880000,438.270000,53664995
2024-04-15,442.060000,442.150000,430.210000,431.060000,63453622
2024-04-16,430.900000,433.760000,429.700000,431.100000,47618961
2024-04-17,433.100000,433.120000,424.900000,425.840000,56880536
2024-04-18,426.490000,428.240000,422.830000,423.400000,46549363
2024-04-19,422.220000,422.750000,413.070000,414.650000,75230990
2024-04-22,417.310000,421.180000,413.940000,418.820000,47807663
2024-04-23,420.770000,426.280000,418.871500,425.100000,44384741
2024-04-24,428.200000,429.730000,424.200000,426.510000,48440305
2024-04-25,419.240000,425.320000,418.140000,424.450000,57392169
2024-04-26,427.620000,432.550000,426.920000,431.000000,41874907
2024-04-29,433.130000,433.760000,429.980000,432.750000,30022161
2024-04-30,431.150000,432.560000,424.510000,424.590000,43665934
2024-05-01,423.150000,430.140000,420.660000,421.515000,52251707
2024-05-02,425.300000,427.810000,420.630000,426.900000,36559007
2024-05-03,434.440000,436.480000,432.620000,435.480000,48515252
2024-05-06,437.300000,440.340000,436.520000,440.250000,30227200
2024-05-07,440.700000,441.970000,439.580000,440.320000,30996094
2024-05-08,437.670000,441.480000,437.550000,440.060000,24896723
2024-05-09,440.330000,441.600000,438.460000,441.020000,24580121
2024-05-10,442.540000,444.310000,440.499000,442.060000,27116566
2024-05-13,443.990000,444.090000,441.650000,443.080000,22994192
2024-05-14,442.650000,446.465000,442.460000,445.930000,34478321
2024-05-15,448.430000,453.150000,446.900000,452.900000,41464651
2024-05-16,452.710000,454.690000,451.810000,451.980000,34780412
2024-05-17,452.110000,452.720000,449.539900,451.750000,35803719
2024-05-20,451.980000,455.580000,451.785000,454.910000,24474226
2024-05-21,453.040000,455.990000,452.840000,455.800000,23167720
2024-05-22,456.060000,456.820000,453.080000,455.710000,25120040
2024-05-23,460.550000,460.580000,451.850300,453.660000,40899230
2024-05-24,455.290000,459.230000,453.567400,457.950000,29669461
2024-05-28,459.180000,459.740000,456.690000,459.680000,26216815
2024-05-29,455.480000,458.240000,455.340000,456.440000,29739238
2024-05-30,455.500000,455.640000,450.210000,451.550000,30714121
2024-05-31,451.780000,452.480000,443.055000,451.530000,55941301
2024-06-03,454.570000,455.580000,447.900000,453.130000,32997467
2024-06-04,452.870000,455.575000,451.131100,454.370000,23767436
2024-06-05,457.980000,463.610000,454.408000,463.530000,33817409
2024-06-06,464.220000,464.540000,462.190000,463.250000,21966820
2024-06-07,463.000000,465.740000,461.840000,462.960000,25829720
2024-06-10,461.820000,465.190000,461.530000,464.830000,20719771
2024-06-11,463.540000,468.140000,462.030000,468.020000,22053281
2024-06-12,471.990000,476.500000,471.290000,474.150000,34532585
2024-06-13,477.720000,478.390000,474.420000,476.720000,25859014
2024-06-14,476.520000,479.260000,476.050000,479.190000,23372620
2024-06-17,479.460000,486.860000,478.140000,485.060000,37054504
2024-06-18,485.010000,485.900000,483.430000,485.210000,24438565
2024-06-20,486.420000,486.838700,479.620000,481.470000,33918683
2024-06-21,481.190000,482.535000,478.670000,480.180000,39432913
2024-06-24,478.180000,479.930000,473.820000,473.960000,37750969
2024-06-25,476.070000,479.680000,475.120000,479.380000,29250209
2024-06-26,478.550000,480.920000,478.130000,480.370000,22737105
2024-06-27,480.120000,483.100000,479.300000,481.610000,26222135
2024-06-28,482.410000,487.200000,478.460000,479.110000,34881581
2024-07-01,480.040000,482.490000,476.255000,481.920000,24898336
2024-07-02,480.410000,487.040000,480.280000,486.980000,26723559
2024-07-03,486.220000,491.170000,486.220000,491.040000,18064880
2024-07-05,491.890000,496.600000,491.590000,496.160000,28495936
2024-07-08,496.530000,497.895000,495.500000,497.340000,22109420
2024-07-09,498.870000,500.000000,496.240000,497.770000,25701253
2024-07-10,499.710000,503.520000,498.390000,502.960000,28046901
2024-07-11,503.070000,503.280000,490.725000,491.930000,49966590
2024-07-12,492.510000,499.620000,492.040000,494.890000,37109399
2024-07-15,496.610000,501.010000,494.090000,496.150000,31151386
2024-07-16,497.620000,498.440000,493.150000,496.340000,25950622
2024-07-17,488.280000,488.798400,481.700000,481.770000,56268768
2024-07-18,485.530000,485.710000,476.270000,479.490000,49347361
2024-07-19,479.150000,481.690000,473.940000,475.240000,42042856
2024-07-22,481.160000,483.350000,477.706800,482.320000,40299999
2024-07-23,481.410000,484.430000,480.140000,480.620000,23282454
2024-07-24,473.820000,474.190000,462.510000,463.380000,58818629
2024-07-25,463.720000,467.940000,455.630000,458.270000,59256759
2024-07-26,462.650000,465.930000,459.770000,462.970000,39992132
2024-07-29,465.710000,467.910000,461.615000,463.900000,28218476
2024-07-30,465.850000,466.561000,454.150000,457.530000,41317210
2024-07-31,467.870000,472.790000,466.410000,471.070000,44552134
2024-08-01,471.760000,475.550000,455.980000,459.660000,56653900
2024-08-02,450.890000,453.570000,444.470000,448.750000,66323244
2024-08-05,424.710000,442.290000,423.450000,435.370000,87483452
2024-08-06,437.230000,447.070000,434.560000,439.530000,63164429
2024-08-07,446.490000,449.000000,434.370000,434.770000,54929163
2024-08-08,441.060000,448.990000,437.150000,448.070000,47890071
2024-08-09,446.740000,452.060000,445.610000,450.410000,33573976
2024-08-12,451.390000,454.370000,448.554600,451.380000,27795006
2024-08-13,455.820000,462.850000,455.680000,462.580000,40084457
2024-08-14,463.510000,465.109300,458.400000,462.730000,34733746
2024-08-15,468.760000,474.820000,468.380000,474.420000,38280565
2024-08-16,472.620000,476.410000,471.650000,475.030000,38383623
2024-08-19,475.170000,481.310000,473.370000,481.270000,23737674
2024-08-20,480.350000,482.940000,478.550000,480.260000,29209340
2024-08-21,481.050000,484.370000,479.320000,482.500000,25658787
2024-08-22,484.840000,485.540000,473.810000,474.850000,37739576
2024-08-23,479.240000,482.740000,475.280000,480.000000,36061508
2024-08-26,479.450000,480.380000,473.240000,475.340000,27452641
2024-08-27,473.690000,477.840000,471.710000,476.760000,27510003
2024-08-28,476.290000,477.020000,467.890000,471.350000,37372436
2024-08-29,473.280000,477.930000,469.372000,470.660000,41081465
2024-08-30,475.040000,476.900000,470.510000,476.270000,33466473
2024-09-03,473.200000,473.330000,459.410100,461.810000,44985219
2024-09-04,458.670000,464.450000,457.730000,460.610000,32505102
2024-09-05,458.970000,465.360000,457.939000,461.040000,34452385
2024-09-06,460.330000,461.220000,448.190000,448.690000,50624385
2024-09-09,453.060000,455.460000,449.823428,454.460000,32981169
2024-09-10,456.240000,459.170000,452.230000,458.660000,29680319
2024-09-11,459.910000,469.370000,451.280000,468.620000,57842992
2024-09-12,468.650000,474.040000,466.849100,473.220000,40175456
2024-09-13,472.480000,476.530000,472.250000,475.340000,29111849
2024-09-16,473.190000,473.859900,469.890000,473.240000,22585596
2024-09-17,476.290000,477.600000,470.970000,473.490000,30084438
2024-09-18,474.700000,478.830000,470.830000,471.440000,39909215
2024-09-19,482.610000,486.230000,480.490000,483.360000,52782523
2024-09-20,482.490000,483.690000,478.300000,482.440000,34577663
2024-09-23,482.950000,484.140000,481.600000,483.040000,24842972
2024-09-24,484.460000,486.330000,480.170000,485.370000,25952637
2024-09-25,484.740000,487.790000,484.560000,485.820000,26549866
2024-09-26,493.370000,493.700000,485.800000,489.470000,32020206
2024-09-27,490.500000,490.640000,485.560000,486.750000,22851120
2024-09-30,485.780000,488.410000,482.920000,488.070000,30330605
2024-10-01,487.700000,488.000000,477.400000,481.270000,42735424
2024-10-02,480.360000,483.880000,477.720000,481.950000,23744049
2024-10-03,479.740000,484.545000,478.990000,481.590000,25337220
2024-10-04,487.450000,487.880000,482.385000,487.320000,30744909
2024-10-07,485.390000,486.570000,480.870000,482.100000,24975119
2024-10-08,484.660000,489.990000,483.845000,489.300000,28272017
2024-10-09,489.000000,493.730000,487.950000,493.150000,24994950
2024-10-10,490.850000,494.470000,489.530000,492.590000,25750446
2024-10-11,490.740000,494.390000,490.170000,493.360000,20644497
2024-10-14,495.770000,498.830000,495.260000,497.500000,26060145
2024-10-15,497.830000,498.500000,488.680000,490.850000,34784506
2024-10-16,491.180000,491.690000,487.570000,490.910000,22996776
2024-10-17,496.440000,496.490000,491.190100,491.250000,27210658
2024-10-18,494.060000,495.570000,493.300000,494.470000,25335030
2024-10-21,493.250000,496.230000,491.310000,495.420000,30336549
2024-10-22,492.730000,497.445000,491.970000,495.960000,26685841
2024-10-23,493.590000,494.250000,485.050000,488.360000,39346565
2024-10-24,492.110000,493.000000,489.440000,492.320000,22024930
2024-10-25,495.140000,500.280000,494.430000,495.320000,38762143
2024-10-28,498.460000,498.520000,495.100000,495.400000,20477778
2024-10-29,495.720000,501.350000,493.850000,500.160000,28014059
2024-10-30,499.390000,500.350000,495.890000,496.380000,29755960
2024-10-31,492.380000,492.430000,483.750000,483.850000,41245248
2024-11-01,485.500000,490.750700,485.200000,487.430000,33655757
2024-11-04,486.820000,489.380000,484.254500,486.010000,23291580
2024-11-05,487.610000,492.880000,487.520000,492.210000,24353615
2024-11-06,500.560000,506.410000,499.600000,505.580000,43082198
2024-11-07,508.400000,514.330000,508.340000,513.540000,32853120
2024-11-08,513.035000,514.917500,512.410000,514.140000,22924483
2024-11-11,515.370000,515.580000,510.920000,513.840000,24167479
2024-11-12,513.770000,514.660000,509.830000,512.910000,25835288
2024-11-13,512.400000,514.980000,509.950000,512.250000,24567416
2024-11-14,511.910000,512.790000,507.770000,508.690000,28679519
2024-11-15,502.940000,503.330000,494.490000,496.570000,51461054
2024-11-18,498.130000,502.140000,496.730000,500.020000,27192662
2024-11-19,497.420000,503.953600,497.080000,503.460000,24523020
2024-11-20,503.160000,503.480000,496.555000,503.170000,29565491
2024-11-21,506.240000,506.960000,497.560000,504.980000,34526738
2024-11-22,504.420000,506.530000,502.780000,505.790000,23826644
2024-11-25,509.900000,511.452500,504.262500,506.590000,26375166
2024-11-26,508.080000,510.140000,507.230000,509.310000,26557061
2024-11-27,508.170000,508.240000,501.930000,505.300000,24957441
2024-11-29,505.930000,510.340000,505.310000,509.740000,15333968
2024-12-02,511.010000,516.260000,510.620000,515.290000,25147165
2024-12-03,513.950000,517.150000,513.370000,516.870000,18597900
2024-12-04,520.320000,523.520000,519.600000,523.260000,26086222
2024-12-05,523.310000,524.039900,521.420000,521.810000,18169632
2024-12-06,522.480000,526.720000,522.350000,526.480000,23762611
2024-12-09,525.550000,526.350000,521.220000,522.380000,20674405
2024-12-10,523.620000,525.380000,519.160000,520.600000,24350040
2024-12-11,525.000000,530.610000,524.590000,529.920000,32168579
2024-12-12,527.680000,528.960000,526.020000,526.500000,23577504
2024-12-13,530.460000,533.166100,527.300100,530.530000,28780405
2024-12-16,533.080000,539.150000,533.000000,538.170000,31979863
2024-12-17,536.360000,537.480000,534.130000,535.800000,28579070
2024-12-18,535.150000,536.879900,515.010000,516.470000,54703155
2024-12-19,521.190000,521.759900,513.830000,514.170000,46441754
2024-12-20,510.440000,524.820000,509.290000,518.660000,60529961
2024-12-23,519.550000,523.250000,516.130000,522.870000,29672800
2024-12-24,524.830000,530.050000,524.190000,529.960000,17558215
2024-12-26,528.320000,531.240000,526.310000,529.600000,19141494
2024-12-27,526.010000,526.450000,517.860000,522.560000,33839555
2024-12-30,515.510000,519.360000,511.830000,515.610000,34584028
2024-12-31,516.900000,517.660000,510.260000,511.230000,29117028
2025-01-02,514.300000,516.640000,505.710000,510.230000,36389783
2025-01-03,513.350000,519.645400,512.530000,518.580000,29059520
2025-01-06,524.020000,527.920000,522.030000,524.540000,36109734
2025-01-07,525.590000,525.990000,513.280000,515.180000,36690272
2025-01-08,515.080000,516.919900,510.570000,515.270000,30777777
2025-01-10,511.480000,511.580000,503.920000,507.190000,40532495
2025-01-13,501.200000,506.020000,499.700000,505.560000,31694210
2025-01-14,508.740000,510.155000,501.590000,505.080000,33737237
2025-01-15,513.030000,517.850000,511.460000,516.700000,34957554
2025-01-16,518.980000,519.059900,512.950000,513.080000,28229037
2025-01-17,522.850000,524.073300,513.108600,521.740000,51837941
2025-01-21,524.480000,525.970000,520.060000,524.800000,23627971
2025-01-22,529.570000,533.820000,529.260000,531.510000,33592988
2025-01-23,529.040000,532.760000,528.450000,532.640000,23096588
2025-01-24,533.020000,533.790000,528.150000,529.630000,19878251
2025-01-27,511.000000,517.990000,510.150000,514.210000,60771695
2025-01-28,515.220000,523.000000,511.780000,521.810000,33194214
2025-01-29,522.460000,522.590000,516.898800,520.830000,26649011
2025-01-30,523.710000,526.095000,518.210000,523.050000,27431302
2025-01-31,526.920000,531.517800,521.190000,522.290000,38845467
2025-02-03,513.470000,520.849600,511.050000,518.110000,40580835
2025-02-04,518.630000,525.110000,518.230000,524.470000,26046753
2025-02-05,521.820000,527.010000,520.620000,526.850000,21134070
2025-02-06,527.360000,529.810000,525.741300,529.600000,19434454
2025-02-07,530.140000,532.100000,522.190000,522.920000,29605470
2025-02-10,527.220000,530.357100,526.750000,529.250000,20852784
2025-02-11,525.960000,529.920000,525.830000,527.990000,19325500
2025-02-12,522.300000,529.190000,521.950000,528.300000,25009362
2025-02-13,529.980000,536.220000,529.190000,535.900000,28714799
2025-02-14,536.005000,538.840000,535.670000,538.150000,17862572
2025-02-18,539.730000,540.000000,536.040000,539.370000,20565028
2025-02-19,538.570000,540.810000,536.460000,539.520000,19666861
2025-02-20,538.730000,539.100000,532.460000,537.230000,26550753
2025-02-21,538.380000,538.400000,525.710000,526.080000,47093750
2025-02-24,527.880000,529.069000,519.530000,519.870000,39268392
2025-02-25,519.240000,519.320000,509.440000,513.320000,48940025
2025-02-26,515.530000,519.660000,511.370000,514.560000,34457618
2025-02-27,518.130000,519.069900,500.050000,500.270000,52447966
2025-02-28,500.130000,508.780000,496.930000,508.170000,47654043
2025-03-03,511.520000,513.040000,493.580000,497.050000,44587204
2025-03-04,494.180000,503.740000,487.735000,495.550000,67875402
2025-03-05,496.200000,503.630000,491.260000,502.010000,46323725
2025-03-06,493.690000,498.580000,486.200000,488.200000,57574332
2025-03-07,487.160000,493.280000,480.530000,491.790000,54714726
2025-03-10,483.450000,483.970000,468.660000,472.730000,76668029
2025-03-11,472.350000,478.805000,467.010000,471.600000,68760771
2025-03-12,479.160000,481.060000,471.790000,476.920000,46971082
2025-03-13,476.250000,476.280100,466.430000,468.340000,46563349
2025-03-14,473.730000,480.560000,473.120000,479.660000,43563010
2025-03-17,479.610000,485.840000,477.800000,482.770000,41744354
2025-03-18,479.410000,479.610000,472.410000,474.540000,39072265
2025-03-19,476.810000,485.330000,474.870000,480.890000,40430334
2025-03-20,476.880000,484.550000,476.180000,479.260000,36780549
2025-03-21,474.080000,481.610000,472.905000,480.840000,42234874
2025-03-24,487.740000,491.510000,484.400000,490.660000,34567186
2025-03-25,491.390000,493.620000,490.420000,493.460000,26035241
2025-03-26,492.300000,493.160000,482.820000,484.380000,35043357
2025-03-27,482.410000,486.579900,480.250000,481.620000,33469817
2025-03-28,479.810000,480.520000,468.050000,468.940000,46363797
2025-03-31,461.920000,469.860000,457.330000,468.920000,53000303
2025-04-01,467.300000,473.630000,464.420000,472.700000,41156226
2025-04-02,466.120000,479.560000,465.860000,476.150000,49894489
2025-04-03,456.440000,460.070000,450.140000,450.660000,70456338
2025-04-04,438.140000,440.370000,422.670000,422.670000,117088441
2025-04-07,408.660000,443.140000,402.390000,423.690000,161556970
2025-04-08,438.160000,443.138400,409.790000,416.060000,101248060
2025-04-09,415.570000,467.830000,415.430000,466.000000,142876878
2025-04-10,453.560000,455.590000,432.630000,446.180000,108384092
2025-04-11,444.650000,455.790000,441.330000,454.400000,52483779
2025-04-14,464.460000,465.050000,452.630000,457.480000,43941179
2025-04-15,458.540000,462.380000,456.150000,457.990000,35404210
2025-04-16,449.030000,452.620000,437.760000,444.180000,48980552
2025-04-17,447.170000,447.750000,441.360000,444.100000,44837047
2025-04-21,438.230000,439.080000,427.930000,433.110000,44149313
2025-04-22,438.820000,447.580000,437.620000,444.480000,52304388
2025-04-23,458.170000,463.380000,452.880000,454.560000,55801136
2025-04-24,456.480000,467.660000,455.830000,467.350000,45956136
2025-04-25,466.970000,473.090000,465.390000,472.560000,38697063
2025-04-28,473.030000,474.808000,466.030000,472.410000,33550778
2025-04-29,470.170000,476.424300,469.590000,475.530000,30613120
2025-04-30,467.130000,477.200000,462.430000,475.470000,46810610
2025-05-01,483.410000,487.180000,480.740000,481.680000,43316539
2025-05-02,486.540000,490.910000,484.830000,488.830000,39218082
2025-05-05,484.600000,489.030000,484.100000,485.930000,28309490
2025-05-06,479.560000,485.050000,478.190000,481.410000,32786310
2025-05-07,482.080000,485.800000,476.782000,483.300000,38109864
2025-05-08,488.530000,492.700000,484.170000,488.290000,39577592
2025-05-09,490.210000,491.540000,486.195000,487.970000,27767416
2025-05-12,506.990000,507.890000,501.480000,507.850000,45090616
2025-05-13,509.160000,517.390000,508.420000,515.590000,53269573
2025-05-14,516.770000,519.227900,515.750000,518.680000,47014516
2025-05-15,516.520000,521.930000,515.170000,519.250000,50153275
2025-05-16,520.660000,521.700000,517.100000,521.510000,48394603
2025-05-19,514.240000,522.530000,514.240000,522.010000,52536154
2025-05-20,519.470000,520.930000,516.660000,520.270000,42517561
2025-05-21,516.270000,523.000000,511.240000,513.040000,71292831
2025-05-22,513.660000,517.710000,512.300000,514.000000,55607169
2025-05-23,506.180000,511.840000,505.580000,509.240000,58368075
2025-05-27,516.150000,521.710000,514.590000,521.220000,47226323
2025-05-28,522.180000,523.680000,518.390000,518.910000,46637175
2025-05-29,526.330000,526.480000,517.320000,519.930000,58724069
2025-05-30,519.440000,520.680000,511.930000,519.110000,67662836
2025-06-02,517.240000,523.450000,515.970000,523.210000,44762817
2025-06-03,523.560000,528.740000,522.690000,527.300000,44070330
2025-06-04,528.010000,529.840000,525.969400,528.770000,41359322
2025-06-05,530.180000,533.050000,522.660000,524.790000,61286623
2025-06-06,530.000000,531.800000,528.210000,529.920000,42467021
2025-06-09,530.140000,532.350000,529.010000,530.700000,33688671
2025-06-10,531.170000,534.900000,528.890000,534.210000,40664795
2025-06-11,535.620000,536.780000,530.110000,532.410000,53701033
2025-06-12,531.090000,534.643800,530.840000,533.660000,34104887
2025-06-13,527.680000,531.870000,525.730000,526.960000,55814443
2025-06-16,530.500000,535.370000,530.450000,534.290000,37622051
2025-06-17,531.710000,533.325000,527.910000,529.080000,42180866
2025-06-18,530.100000,532.550000,527.400000,528.990000,43983522
2025-06-20,532.260000,533.560000,524.880000,526.830000,61643519
2025-06-23,526.810000,532.170000,523.650000,531.650000,50666146
2025-06-24,536.890000,540.700000,536.270000,539.780000,45441982
2025-06-25,542.060000,543.310000,539.380000,541.160000,44804168
2025-06-26,543.350000,546.670000,541.520000,546.220000,43811432
2025-06-27,547.260000,549.990000,544.545000,548.090000,57577147
2025-06-30,551.260000,552.800000,549.010000,551.640000,45548742
2025-07-01,549.730000,550.710000,544.660000,546.990000,56166736
2025-07-02,546.160000,551.000000,546.120000,550.800000,36538281
2025-07-03,553.180000,557.200000,553.180000,556.220000,26443524
2025-07-07,553.520000,554.340000,549.580000,552.030000,45349323
2025-07-08,553.380000,554.010000,551.100000,552.340000,36153258
2025-07-09,554.480000,557.630000,553.100000,556.250000,43045534
2025-07-10,556.890000,557.300000,552.750000,555.450000,34710913
2025-07-11,553.300000,555.790000,552.050000,554.200000,39618635
2025-07-14,553.990000,556.945000,551.630000,556.210000,36453314
2025-07-15,560.250000,560.800000,556.660000,556.720000,43277661
2025-07-16,557.280000,560.210000,551.560000,557.290000,52314711
2025-07-17,558.020000,562.310000,557.210000,561.800000,40423778
2025-07-18,563.120000,564.726200,559.980000,561.260000,50484704
2025-07-21,562.090000,566.060000,562.060000,564.170000,39595214
2025-07-22,564.300000,564.350000,558.610000,561.250000,43270647
2025-07-23,562.340000,563.850000,559.580000,563.810000,40215259
2025-07-24,565.130000,566.240000,563.295000,565.010000,42275541
2025-07-25,564.930000,567.695000,564.270000,566.370000,30630813
2025-07-28,567.740000,569.040000,566.870000,568.140000,31498739
2025-07-29,570.760000,572.110000,566.530000,567.260000,45463317
2025-07-30,568.180000,570.620000,565.050000,568.020000,43433777
2025-07-31,574.540000,574.630000,563.870000,565.010000,64613590
2025-08-01,558.830000,559.020000,551.680000,553.880000,69400789
2025-08-04,559.050000,564.315000,558.950000,564.100000,47669751
2025-08-05,565.390000,566.560700,559.730000,560.270000,48666640
2025-08-06,561.110000,567.760000,560.630000,567.320000,41823677
2025-08-07,571.670000,573.320000,565.110000,569.240000,44462972
2025-08-08,570.450000,574.770000,570.150000,574.550000,35255472
2025-08-11,574.690000,576.800000,571.570000,572.850000,33112917
2025-08-12,575.160000,580.350000,572.485000,580.050000,42271441
2025-08-13,582.760000,583.319900,578.940000,580.340000,41209294
2025-08-14,578.280000,581.880000,577.910000,579.890000,45425043
2025-08-15,579.800000,579.840000,575.574300,577.340000,49480161
2025-08-18,576.440000,577.765000,575.241200,577.110000,29830957
2025-08-19,576.390000,576.560000,568.250000,569.280000,53752635
2025-08-20,568.330000,568.450000,558.840000,565.900000,76781087
2025-08-21,564.350000,566.490000,560.980000,563.280000,46436899
2025-08-22,564.670000,573.990000,563.270000,571.970000,51502129
2025-08-25,570.400000,573.287100,569.160000,570.320000,34044749
2025-08-26,569.830000,572.920000,568.800000,572.610000,34103014
2025-08-27,571.590000,574.405000,570.370000,573.490000,36927144
2025-08-28,574.110000,578.000000,572.460000,577.080000,46787857
2025-08-29,574.655000,575.030000,568.540000,570.400000,56030409
2025-09-02,561.310000,565.965000,559.535000,565.620000,65876765
2025-09-03,569.230000,571.695000,566.725000,570.070000,54230213
2025-09-04,570.740000,575.600000,569.025000,575.230000,47526280
2025-09-05,580.490000,581.120000,571.530000,576.060000,68342532
2025-09-08,578.370000,580.840000,577.770000,578.870000,46371354
2025-09-09,579.670000,580.940000,577.040000,580.510000,44007592
2025-09-10,583.740000,583.770000,578.550000,580.700000,49307959
2025-09-11,583.240000,584.880000,581.620000,584.080000,44745766
2025-09-12,585.040000,587.860000,584.100000,586.660000,50745886
2025-09-15,588.440000,591.790000,588.295000,591.680000,44360315
2025-09-16,592.610000,592.860000,590.490000,591.180000,36942130
2025-09-17,591.100000,591.750000,584.365000,590.000000,69384820
2025-09-18,594.910000,598.140000,592.960000,595.320000,61069294
2025-09-19,597.330000,600.050000,595.850000,599.350000,58196109
2025-09-22,597.740000,602.870000,597.720000,602.200000,57154769
2025-09-23,602.370000,602.570000,596.980000,598.200000,64635486
2025-09-24,599.580000,599.900000,593.360000,596.100000,49850301
2025-09-25,592.200000,595.115000,588.500000,593.530000,70920209
2025-09-26,594.350000,596.300000,591.060000,595.970000,54337416
2025-09-29,599.110000,602.050000,597.410000,598.730000,48332934
2025-09-30,598.430000,600.710000,596.100000,600.370000,46533814
2025-10-01,597.170000,603.790000,596.340000,603.250000,46899612
2025-10-02,607.060000,607.160000,602.930000,605.730000,43765410
2025-10-03,606.510000,607.325500,601.385000,603.180000,46482098
2025-10-06,608.450000,609.360000,605.970000,607.710000,41962115
2025-10-07,609.020000,609.710000,603.030000,604.510000,58209463
2025-10-08,605.410000,611.750000,605.260000,611.440000,50629754
2025-10-09,611.480000,611.610000,607.480000,610.700000,45550958
2025-10-10,611.400000,613.180000,589.050000,589.500000,97614783
2025-10-13,599.680000,602.950000,597.230000,602.010000,65872584
2025-10-14,595.310000,602.690000,590.130000,598.000000,69203187
2025-10-15,604.010000,606.700000,595.930000,602.220000,62805456
2025-10-16,605.110000,608.310000,595.500000,599.990000,70981963
2025-10-17,597.950000,605.510000,596.370000,603.930000,72024872
2025-10-20,607.140000,612.800000,607.065000,611.540000,45761697
2025-10-21,611.640000,612.721300,609.320000,611.380000,44538161
2025-10-22,610.820000,611.410000,599.740000,605.490000,61478802
2025-10-23,604.910000,611.370000,604.520000,610.580000,42844298
2025-10-24,615.990000,618.420000,615.130000,617.100000,47632473
2025-10-27,624.520000,628.550000,624.030000,628.090000,54098611
2025-10-28,630.360000,634.680000,629.250000,632.920000,61195733
2025-10-29,635.590000,637.010000,630.250000,635.770000,67422806
2025-10-30,632.170000,633.500000,625.940000,626.050000,61628621
2025-10-31,634.170000,634.200000,626.690000,629.070000,66305147
2025-11-03,635.110000,635.820000,629.850000,632.080000,37154307
2025-11-04,623.280000,626.950000,618.455000,619.250000,63830768
2025-11-05,618.490000,626.600000,617.210000,623.280000,48688484
2025-11-06,621.790000,622.040000,610.300000,611.670000,72115128
2025-11-07,608.310000,609.950000,598.670000,609.740000,81835388
2025-11-10,618.920000,624.310000,616.890000,623.230000,55919931
2025-11-11,620.570000,622.720000,617.520000,621.570000,44868841
2025-11-12,624.840000,624.860000,617.810000,621.080000,47444384
2025-11-13,617.540000,618.120000,606.080000,608.400000,71333634
2025-11-14,599.550000,613.350000,597.170000,608.860000,80087291
2025-11-17,606.300000,612.480000,599.870000,603.660000,63850367
2025-11-18,599.620000,602.310000,591.340000,596.310000,83327279
2025-11-19,597.070000,606.160000,594.590000,599.870000,73111487
2025-11-20,611.620000,614.030000,584.750000,585.670000,117743195
2025-11-21,587.470000,596.980000,580.740000,590.070000,103344155
2025-11-24,595.280000,606.680000,595.160000,605.160000,60168149
2025-11-25,603.510000,610.260100,597.320000,608.890000,57560867
2025-11-26,612.510000,616.190000,610.390000,614.270000,42393598
2025-11-28,616.110000,619.320000,615.417400,619.250000,23034394
2025-12-01,613.630000,619.440100,612.520000,617.170000,40957588
2025-12-02,619.460000,623.750000,617.590000,622.000000,54541834
2025-12-03,619.620000,624.220000,618.030000,623.520000,47841627
2025-12-04,624.930000,624.940000,619.540000,622.940000,47067751
2025-12-05,624.380000,628.920000,623.710000,625.480000,53614169
2025-12-08,627.210000,628.840000,621.690000,624.280000,43462406
2025-12-09,623.010000,625.870000,621.000000,625.050000,37155999
2025-12-10,623.850000,629.210000,620.990000,627.610000,55031384
2025-12-11,623.820000,625.780000,617.720000,625.580000,58272844
2025-12-12,622.080000,623.540000,611.360000,613.620000,75158726
2025-12-15,618.370000,618.420000,609.320000,610.540000,49538197
2025-12-16,608.260000,613.510000,606.910100,611.750000,55152819
2025-12-17,613.060000,613.650000,600.280000,600.410000,70654327
2025-12-18,609.800000,612.930000,606.920000,609.110000,78875824
2025-12-19,611.950000,617.620000,611.870000,617.050000,60369829
2025-12-22,621.350000,621.650000,617.770000,619.210000,43703101
2025-12-23,618.200000,622.410000,617.780000,622.110000,41120445
2025-12-24,621.990000,624.280000,621.720000,623.930000,18468707
2025-12-26,624.660000,625.515000,623.140000,623.890000,28959778
2025-12-29,620.100000,622.780000,618.730000,620.870000,32458308
2025-12-30,619.840000,622.180000,619.215000,619.430000,31226754
2025-12-31,619.650000,619.960000,614.050000,614.310000,40746527
2026-01-02,620.060000,622.850000,610.150000,613.120000,61859163
2026-01-05,619.320000,620.810000,616.720000,617.990000,46828359
2026-01-06,619.230000,624.021300,618.540000,623.420000,43137520
2026-01-07,623.040000,627.940000,622.560000,624.020000,44880339
2026-01-08,623.030000,623.420000,617.800000,620.470000,50435941
2026-01-09,621.410000,627.890000,619.060000,626.650000,49688734
2026-01-12,622.310000,628.845000,622.260000,627.170000,37388651
2026-01-13,627.270000,629.470000,623.695000,626.240000,44481380
2026-01-14,622.240000,623.450000,614.560000,619.550000,72598700
2026-01-15,626.600000,630.000000,620.750000,621.780000,53934892
2026-01-16,625.500000,626.080000,618.880000,621.260000,61058094
2026-01-20,610.530000,615.055000,607.050000,608.060000,81988898
2026-01-21,609.470000,620.420000,607.863500,616.280000,79837881
2026-01-22,622.350000,622.460000,617.780000,620.760000,42254757
2026-01-23,619.730000,625.399900,618.650000,622.720000,43645825
2026-01-26,623.210000,627.610000,622.120000,625.460000,35983008
2026-01-27,628.910000,632.042700,627.340000,631.130000,38997212
2026-01-28,635.460000,636.600000,631.810000,633.220000,50691691
2026-01-29,632.650000,633.670000,618.270000,629.430000,79944047
2026-01-30,625.710000,628.256000,619.297500,621.870000,65650714
2026-02-02,618.700000,628.490000,618.660000,626.140000,49020292
2026-02-03,628.300000,629.980000,610.960000,616.520000,81233969
2026-02-04,615.020000,615.100000,600.470000,605.750000,81850748
2026-02-05,600.210000,604.810000,594.760000,597.030000,89354492
2026-02-06,600.190000,611.410000,598.770000,609.650000,78019338
2026-02-09,607.540000,616.460000,605.070000,614.320000,56797557
2026-02-10,615.305000,617.020000,611.010000,611.470000,53938859
2026-02-11,616.380000,617.520000,607.690000,613.110000,58575101
2026-02-12,614.710000,615.810000,599.569900,600.640000,81378903
2026-02-13,600.430000,606.480000,596.420000,601.920000,69237547
2026-02-17,598.375000,603.950000,593.340000,601.300000,69013763
2026-02-18,602.110000,609.771000,600.720000,605.790000,64250668
2026-02-19,602.810000,605.815000,600.750000,603.470000,60960839
2026-02-20,600.120000,610.350000,599.230000,608.810000,74127323
2026-02-23,606.605000,608.010000,599.050000,601.410000,63859111
2026-02-24,602.400000,608.990000,599.730000,607.870000,55023732
2026-02-25,611.070000,616.830000,611.000000,616.680000,55710653
2026-02-26,615.590000,615.590000,603.980000,609.240000,96178870
2026-02-27,602.980000,608.320000,602.190000,607.290000,68125196
2026-03-02,598.860000,609.920000,597.990000,608.090000,75264644
2026-03-03,596.330000,603.960000,591.870000,601.580000,97015532
2026-03-04,604.160000,612.880000,603.430000,610.750000,70943888
2026-03-05,607.400000,612.760000,602.260000,608.910000,89602407
2026-03-06,600.310000,606.000000,598.330000,599.750000,86302307
2026-03-09,594.225000,609.270000,591.330000,607.760000,93068170
2026-03-10,607.780000,613.290000,605.420000,607.770000,64078867
2026-03-11,608.950000,612.430000,605.030000,607.690000,60114800
2026-03-12,602.760000,604.140000,597.050000,597.260000,71836629
2026-03-13,599.730000,603.599900,592.570000,593.720000,63145490
2026-03-16,600.040000,603.860000,599.110000,600.380000,49077155
2026-03-17,603.140000,605.900000,601.870000,603.310000,47106607
2026-03-18,601.490000,603.160000,594.560000,594.900000,56127962
2026-03-19,589.510000,595.800000,587.080000,593.020000,75597578
2026-03-20,591.060000,591.170000,578.540000,582.060000,91964677
2026-03-23,590.520000,595.080000,585.960000,588.000000,89936118
2026-03-24,584.810000,587.930000,581.930000,583.980000,57750895
2026-03-25,589.140000,591.370000,585.690000,587.820000,60475491
2026-03-26,582.600000,584.630000,573.430000,573.790000,81492124
2026-03-27,570.810000,571.020000,561.570000,562.580000,82702240
2026-03-30,567.380000,568.050000,555.600000,558.280000,70602622
2026-03-31,564.290000,578.640000,564.210000,577.180000,95877997
2026-04-01,581.480000,587.739000,580.420000,584.310000,79435132
2026-04-02,573.970000,586.050000,571.920000,584.980000,50941709
2026-04-06,586.230000,590.610000,584.690000,588.500000,35108496
2026-04-07,585.640000,588.980000,578.400100,588.590000,49948195
2026-04-08,608.710000,609.900000,602.120000,606.090000,63085996
2026-04-09,605.930000,610.500000,603.030000,610.190000,37837538
2026-04-10,611.840000,613.670000,609.580000,611.070000,34038533
2026-04-13,609.480000,626.740000,608.110000,617.390000,32972110
2026-04-14,620.220000,628.600000,620.100000,628.600000,49921081
2026-04-15,629.080000,637.830000,628.200000,637.400000,50102386
2026-04-16,639.210000,642.180000,635.255000,640.470000,42320581
2026-04-17,645.590000,650.000000,644.070000,648.850000,53488871
2026-04-20,648.040000,648.760000,642.520000,646.790000,37138511
2026-04-21,648.410000,650.200000,642.210000,644.330000,39580523
2026-04-22,650.150000,655.330000,648.520000,655.110000,37368402
2026-04-23,653.550000,656.920000,645.520000,651.420000,40099827
2026-04-24,658.510000,664.510000,656.530100,663.880000,45563050
2026-04-27,663.400000,664.430000,660.690000,664.230000,32717030
2026-04-28,657.410000,659.640000,653.810000,657.550000,34147916
2026-04-29,658.630000,661.720000,656.589900,661.570000,31724860
2026-04-30,665.350000,668.900000,657.560000,667.740000,40622226
2026-05-01,669.160000,675.970000,668.800000,674.150000,39172607
2026-05-04,674.660000,676.730000,668.900000,672.880000,34541990
2026-05-05,677.960000,682.773400,677.510000,681.610000,37101063
2026-05-06,687.780000,695.930000,686.480000,695.770000,38778492
2026-05-07,696.580000,701.240000,691.770000,694.940000,43779087
2026-05-08,699.920000,711.230000,699.500000,711.230000,44320421
2026-05-11,710.360000,714.590000,708.910000,713.290000,36019146
2026-05-12,708.220000,710.180000,696.640000,707.240000,45873009
2026-05-13,709.960000,716.650000,704.830000,714.710000,40012526
2026-05-14,714.620000,722.030000,714.220000,719.790000,33327545
2026-05-15,710.140000,715.130000,705.550000,708.930000,51792656
2026-05-18,711.540000,712.070000,698.850000,705.880000,49834549
2026-05-19,699.810000,706.490000,695.250000,701.530000,46827529
2026-05-20,705.290000,713.150000,703.790000,713.150000,36779222
2026-05-21,708.990000,717.120000,706.770000,714.510000,36415360
2026-05-22,718.070000,722.120000,715.950000,717.540000,33118575
2026-05-26,725.960000,731.170000,724.160000,730.280000,34254692
2026-05-27,732.960000,733.320000,725.440000,729.450000,35148674
2026-05-28,729.730000,736.600000,726.410000,735.600000,32839952
2026-05-29,737.840000,741.630000,735.250000,738.310000,37541668
2026-06-01,737.040000,745.650000,735.990000,742.740000,33890559
2026-06-02,742.400000,746.440000,739.230000,746.160000,30085237
2026-06-03,747.310000,748.650000,741.010000,744.210000,40270198
2026-06-04,735.480000,743.498800,732.620000,740.610000,40782580
2026-06-05,730.060000,731.690000,704.320000,705.060000,99606571
2026-06-08,717.810000,723.030000,713.070000,716.070000,47401451
2026-06-09,722.980000,725.660000,686.370000,707.830000,91932171
2026-06-10,701.660000,711.280000,692.930000,693.690000,65334283
2026-06-11,699.290000,718.372100,695.000000,717.120000,71798857
2026-06-12,717.610000,724.010000,711.280000,721.340000,51236021
2026-06-15,738.100000,744.759900,737.380000,744.000000,46710216
2026-06-16,742.250000,744.220000,729.640000,729.860000,45348675
2026-06-17,735.190000,735.680000,720.850000,722.510000,51669322
2026-06-18,737.200000,741.820000,732.510000,740.620000,50154595
2026-06-22,742.020000,745.450000,734.390000,737.950000,43518595
2026-06-23,715.740000,723.610000,712.110100,713.650000,53354151
2026-06-24,715.370000,719.930000,704.450000,710.620000,52480437
2026-06-25,725.900000,726.830000,705.300000,716.380000,50144089
2026-06-26,707.130000,715.555000,702.810000,706.520000,47081821
2026-06-29,713.990000,724.580000,705.172000,724.080000,44939090
2026-06-30,724.180000,737.620000,723.910000,736.400000,42121829
2026-07-01,729.190000,731.920000,724.600000,725.170000,40803791
2026-07-02,725.580000,730.830000,707.560000,712.600000,51086080
2026-07-06,719.930000,726.080000,718.450000,722.820000,30220428
2026-07-07,714.170000,716.350000,704.900000,709.430000,42483079
2026-07-08,704.950000,712.259900,700.910000,711.440000,35603179
2026-07-09,718.330000,724.230000,715.125000,723.280000,33654712
2026-07-10,720.700000,726.390000,717.000000,725.510000,26415898
2026-07-13,717.720000,718.740000,710.080000,711.740000,36552362
2026-07-14,720.220000,722.290000,714.340000,719.690000,29448117
2026-07-15,723.850000,724.360000,710.230000,717.740000,32627583
2026-07-16,712.010000,713.599000,702.610000,705.940000,39402024
2026-07-17,691.650000,702.300000,686.760000,695.330000,54109267
2026-07-20,702.160000,705.800000,695.510000,696.060000,29687558
2026-07-21,706.570000,710.050000,702.800000,708.970000,33728341
2026-07-22,703.620000,709.650000,703.620000,705.350000,23692181
2026-07-23,694.670000,698.660000,687.790000,691.960000,44028575
2026-07-24,690.410000,692.630000,682.480000,684.230000,42876658
2026-07-27,691.680000,692.300000,675.945000,682.120000,42681473
2026-07-28,676.230000,679.400000,667.880000,675.490000,51398741
2026-07-29,675.505000,680.050000,661.140000,661.730000,57233269
2026-07-30,674.760000,685.120000,673.300000,683.550000,66753681
2026-07-31,692.110000,695.770000,680.051200,687.990000,50540483
2026-08-03,688.300000,701.590000,685.820000,700.070000,44965071
2026-08-04,708.160000,725.660000,707.530000,723.850000,59778624
2026-08-05,726.250000,728.540000,716.920000,717.300000,33540176
2026-08-06,710.820000,719.320000,708.500000,714.650000,33035860
2026-08-07,720.150000,723.630000,716.510000,723.030000,31070371
2026-08-10,722.390000,724.670000,720.330000,720.870000,26243183
2026-08-11,723.290000,723.350000,715.500000,718.450000,29286144
2026-08-12,727.080000,727.250000,722.920000,723.700000,29065976
2026-08-13,725.150000,733.960000,724.030000,732.070000,31599737
2026-08-14,733.410000,734.390000,728.320000,731.070000,23790607
2026-08-17,732.950000,734.580000,729.270000,729.870000,26452580
2026-08-18,720.210000,722.130000,715.920000,717.510000,48997172
2026-08-19,720.390000,721.499900,712.610000,716.080000,35801712
2026-08-20,712.090000,714.940000,708.520000,710.930000,33396416
2026-08-21,715.230000,715.673800,709.200000,713.440000,33399407
2026-08-24,709.660000,709.790000,702.700000,706.320000,37443142
2026-08-25,711.220000,714.040000,707.450000,710.720000,23869646
2026-08-26,708.410000,713.020000,707.970000,711.370000,20392390
2026-08-27,716.930000,721.350000,714.525000,721.110000,28723451
2026-08-28,719.740000,724.125000,715.085000,716.430000,34105374
2026-08-31,715.170000,717.580000,713.160000,716.760000,32237181
2026-09-01,707.390000,712.300000,704.660000,707.640000,35236116
2026-09-02,707.100000,709.798800,705.100000,709.240000,23476207
2026-09-03,710.850000,718.915000,709.690000,717.670000,29449781
2026-09-04,719.345000,721.860000,716.560000,718.960000,32871076
2026-09-08,720.909000,721.886000,715.570000,718.360000,28341416
2026-09-09,716.400000,719.700000,714.020000,716.310000,26763377
2026-09-10,707.550000,712.060000,706.855000,708.690000,31414409
2026-09-11,715.680000,717.630000,713.630000,714.880000,26649142
2026-09-14,703.325000,712.950000,702.740000,709.180000,35218978
2026-09-15,708.800000,709.529900,703.635000,704.540000,26631661
2026-09-16,708.000000,711.880000,700.000000,704.720000,35687958
2026-09-17,715.950000,718.040100,713.320000,716.920000,37270287
2026-09-18,718.830000,721.730000,715.080000,721.450000,48478713
2026-09-21,727.890000,743.220000,727.810000,741.470000,46730629
2026-09-22,740.980000,748.349000,740.930000,747.460000,40128841
